date,rent_us,rent_ga,rent_atl
2017-01-01,1068,990,1120
2017-02-01,1069,995,1126
2017-03-01,1073,1002,1133
2017-04-01,1081,1007,1136
2017-05-01,1091,1015,1146
2017-06-01,1099,1026,1157
2017-07-01,1105,1033,1165
2017-08-01,1105,1034,1166
2017-09-01,1102,1031,1162
2017-10-01,1097,1028,1159
2017-11-01,1093,1026,1157
2017-12-01,1088,1023,1154
2018-01-01,1086,1022,1154
2018-02-01,1089,1022,1154
2018-03-01,1096,1029,1161
2018-04-01,1106,1038,1171
2018-05-01,1118,1050,1185
2018-06-01,1128,1059,1196
2018-07-01,1135,1066,1205
2018-08-01,1138,1072,1211
2018-09-01,1135,1074,1214
2018-10-01,1131,1070,1210
2018-11-01,1126,1064,1203
2018-12-01,1123,1060,1200
2019-01-01,1123,1061,1203
2019-02-01,1127,1065,1208
2019-03-01,1133,1072,1216
2019-04-01,1143,1080,1224
2019-05-01,1153,1087,1231
2019-06-01,1163,1094,1238
2019-07-01,1169,1100,1244
2019-08-01,1170,1103,1247
2019-09-01,1166,1101,1244
2019-10-01,1160,1095,1238
2019-11-01,1154,1089,1231
2019-12-01,1152,1084,1225
2020-01-01,1152,1081,1222
2020-02-01,1157,1084,1225
2020-03-01,1161,1087,1228
2020-04-01,1156,1082,1222
2020-05-01,1150,1076,1214
2020-06-01,1146,1075,1211
2020-07-01,1151,1087,1224
2020-08-01,1155,1101,1240
2020-09-01,1154,1111,1253
2020-10-01,1151,1117,1259
2020-11-01,1146,1119,1262
2020-12-01,1143,1122,1265
2021-01-01,1146,1126,1271
2021-02-01,1154,1134,1279
2021-03-01,1167,1145,1292
2021-04-01,1186,1164,1314
2021-05-01,1212,1191,1345
2021-06-01,1244,1229,1388
2021-07-01,1278,1275,1440
2021-08-01,1310,1321,1493
2021-09-01,1333,1355,1533
2021-10-01,1344,1371,1554
2021-11-01,1346,1374,1559
2021-12-01,1346,1369,1553
2022-01-01,1348,1365,1547
2022-02-01,1356,1366,1548
2022-03-01,1368,1372,1554
2022-04-01,1383,1380,1562
2022-05-01,1402,1393,1574
2022-06-01,1423,1410,1592
2022-07-01,1437,1424,1606
2022-08-01,1442,1429,1611
2022-09-01,1435,1422,1602
2022-10-01,1422,1407,1585
2022-11-01,1407,1389,1565
2022-12-01,1394,1375,1549
2023-01-01,1390,1369,1542
2023-02-01,1393,1370,1543
2023-03-01,1401,1375,1548
2023-04-01,1408,1376,1550
2023-05-01,1415,1377,1550
2023-06-01,1422,1378,1550
2023-07-01,1425,1377,1548
2023-08-01,1424,1372,1540
2023-09-01,1416,1361,1526
2023-10-01,1405,1348,1510
2023-11-01,1393,1333,1493
2023-12-01,1383,1321,1478
2024-01-01,1379,1315,1471
2024-02-01,1382,1317,1472
2024-03-01,1390,1323,1479
2024-04-01,1398,1325,1480
2024-05-01,1405,1326,1481
2024-06-01,1411,1325,1479
2024-07-01,1415,1326,1481
2024-08-01,1413,1323,1477
2024-09-01,1406,1317,1470
2024-10-01,1395,1308,1458
2024-11-01,1384,1299,1447
2024-12-01,1375,1294,1440
2025-01-01,1374,1293,1439
2025-02-01,1378,1297,1443
2025-03-01,1387,1301,1447
2025-04-01,1394,1304,1450
2025-05-01,1400,1306,1453
2025-06-01,1403,1309,1457
2025-07-01,1403,1312,1462
2025-08-01,1401,1313,1464
2025-09-01,1394,1309,1460
2025-10-01,1383,1301,1450
2025-11-01,1369,1291,1439
2025-12-01,1359,1282,1430
2026-01-01,1356,1280,1429
2026-02-01,1359,1281,1431
2026-03-01,1366,1286,1436
2026-04-01,1372,1289,1440
2026-05-01,1380,1294,1445
2026-06-01,1386,1299,1450
2026-07-01,1389,1303,1454
2026-08-01,1390,1305,1456
2026-09-01,1388,1305,1457
