month,prime,subprime
1994-01,0.32,0.95
1994-02,0.38,0.73
1994-03,0.37,0.77
1994-04,0.32,0.77
1994-05,0.31,0.84
1994-06,0.32,0.81
1994-07,0.37,0.96
1994-08,0.40,1.01
1994-09,0.28,1.50
1994-10,0.39,1.57
1994-11,0.44,1.62
1994-12,0.58,1.52
1995-01,0.62,1.75
1995-02,0.71,2.00
1995-03,0.73,2.23
1995-04,0.64,2.23
1995-05,0.60,2.02
1995-06,0.51,1.95
1995-07,0.61,1.97
1995-08,0.68,2.35
1995-09,0.87,2.95
1995-10,0.93,2.77
1995-11,1.11,2.92
1995-12,1.22,2.72
1996-01,1.34,3.69
1996-02,1.47,4.39
1996-03,1.42,5.15
1996-04,1.39,4.13
1996-05,1.12,4.22
1996-06,1.06,4.86
1996-07,1.14,5.29
1996-08,1.26,4.53
1996-09,1.27,5.22
1996-10,1.35,5.96
1996-11,1.36,4.87
1996-12,1.35,5.03
1997-01,1.49,5.60
1997-02,1.40,4.98
1997-03,1.20,4.72
1997-04,1.13,4.51
1997-05,1.13,4.36
1997-06,1.07,4.03
1997-07,1.08,4.20
1997-08,1.17,4.25
1997-09,1.19,4.35
1997-10,1.11,4.59
1997-11,0.98,4.11
1997-12,0.90,3.76
1998-01,0.80,3.86
1998-02,0.77,3.41
1998-03,0.67,3.26
1998-04,0.59,2.37
1998-05,0.46,2.23
1998-06,0.44,2.08
1998-07,0.45,2.21
1998-08,0.39,2.35
1998-09,0.42,2.29
1998-10,0.44,2.57
1998-11,0.50,2.78
1998-12,0.53,2.21
1999-01,0.51,2.63
1999-02,0.54,3.02
1999-03,0.49,2.60
1999-04,0.39,2.15
1999-05,0.38,2.00
1999-06,0.35,1.91
1999-07,0.37,1.87
1999-08,0.35,2.20
1999-09,0.36,2.63
1999-10,0.33,2.59
1999-11,0.36,2.76
1999-12,0.33,2.54
2000-01,0.36,2.64
2000-02,0.39,2.86
2000-03,0.34,2.17
2000-04,0.29,1.99
2000-05,0.31,2.28
2000-06,0.31,2.43
2000-07,0.32,2.28
2000-08,0.38,2.68
2000-09,0.37,2.72
2000-10,0.38,2.55
2000-11,0.39,2.74
2000-12,0.39,2.88
2001-01,0.43,3.01
2001-02,0.41,3.28
2001-03,0.35,2.83
2001-04,0.30,2.30
2001-05,0.30,2.50
2001-06,0.32,2.53
2001-07,0.38,2.68
2001-08,0.42,2.86
2001-09,0.42,3.05
2001-10,0.49,3.26
2001-11,0.48,3.09
2001-12,0.49,3.30
2002-01,0.48,3.80
2002-02,0.56,3.49
2002-03,0.50,3.05
2002-04,0.41,2.55
2002-05,0.40,2.51
2002-06,0.40,2.58
2002-07,0.46,2.85
2002-08,0.51,2.82
2002-09,0.59,3.06
2002-10,0.61,3.09
2002-11,0.60,2.85
2002-12,0.68,3.29
2003-01,0.70,3.48
2003-02,0.75,3.30
2003-03,0.58,2.87
2003-04,0.49,2.49
2003-05,0.54,2.73
2003-06,0.51,3.01
2003-07,0.54,3.23
2003-08,0.56,3.08
2003-09,0.63,3.20
2003-10,0.48,3.37
2003-11,0.53,3.30
2003-12,0.57,3.41
2004-01,0.58,3.38
2004-02,0.66,3.12
2004-03,0.52,2.85
2004-04,0.40,2.28
2004-05,0.52,2.41
2004-06,0.50,2.57
2004-07,0.56,2.74
2004-08,0.54,2.81
2004-09,0.62,3.10
2004-10,0.60,3.03
2004-11,0.58,2.91
2004-12,0.60,3.06
2005-01,0.61,3.13
2005-02,0.60,2.77
2005-03,0.51,2.41
2005-04,0.42,2.13
2005-05,0.40,2.31
2005-06,0.44,2.60
2005-07,0.47,2.82
2005-08,0.50,2.97
2005-09,0.55,3.10
2005-10,0.53,2.84
2005-11,0.57,2.87
2005-12,0.62,2.93
2006-01,0.62,2.85
2006-02,0.61,2.76
2006-03,0.49,2.09
2006-04,0.43,1.66
2006-05,0.44,1.95
2006-06,0.46,2.28
2006-07,0.47,2.54
2006-08,0.54,2.88
2006-09,0.55,2.71
2006-10,0.53,2.73
2006-11,0.53,2.64
2006-12,0.53,2.71
2007-01,0.58,2.82
2007-02,0.60,2.68
2007-03,0.47,2.21
2007-04,0.43,1.91
2007-05,0.47,2.18
2007-06,0.48,2.45
2007-07,0.52,2.79
2007-08,0.59,3.05
2007-09,0.65,3.18
2007-10,0.64,3.55
2007-11,0.64,3.52
2007-12,0.69,3.66
2008-01,0.77,4.03
2008-02,0.75,3.74
2008-03,0.63,2.93
2008-04,0.54,2.76
2008-05,0.57,3.06
2008-06,0.62,3.28
2008-07,0.71,3.63
2008-08,0.71,3.85
2008-09,0.71,4.28
2008-10,0.75,4.46
2008-11,0.75,4.37
2008-12,0.85,4.77
2009-01,0.87,5.04
2009-02,0.87,4.76
2009-03,0.69,3.65
2009-04,0.59,3.18
2009-05,0.72,3.46
2009-06,0.76,3.85
2009-07,0.77,4.26
2009-08,0.85,4.45
2009-09,0.84,4.97
2009-10,0.75,4.76
2009-11,0.67,4.42
2009-12,0.71,4.47
2010-01,0.77,4.69
2010-02,0.80,4.81
2010-03,0.60,3.42
2010-04,0.51,2.86
2010-05,0.51,3.05
2010-06,0.52,3.07
2010-07,0.56,3.30
2010-08,0.57,3.11
2010-09,0.62,3.89
2010-10,0.55,3.30
2010-11,0.54,3.12
2010-12,0.57,3.32
2011-01,0.58,3.49
2011-02,0.61,3.24
2011-03,0.51,2.63
2011-04,0.45,1.73
2011-05,0.46,2.16
2011-06,0.48,2.61
2011-07,0.50,2.66
2011-08,0.51,2.81
2011-09,0.56,3.18
2011-10,0.48,3.08
2011-11,0.46,3.00
2011-12,0.50,3.19
2012-01,0.51,3.31
2012-02,0.46,3.43
2012-03,0.35,2.56
2012-04,0.33,2.33
2012-05,0.38,2.60
2012-06,0.40,3.12
2012-07,0.38,3.17
2012-08,0.37,3.24
2012-09,0.39,3.48
2012-10,0.37,3.73
2012-11,0.36,3.53
2012-12,0.39,3.64
2013-01,0.43,3.74
2013-02,0.41,3.65
2013-03,0.33,3.02
2013-04,0.29,2.68
2013-05,0.29,2.75
2013-06,0.30,2.90
2013-07,0.33,3.13
2013-08,0.33,3.21
2013-09,0.36,3.45
2013-10,0.37,3.62
2013-11,0.33,3.52
2013-12,0.36,3.43
2014-01,0.38,3.84
2014-02,0.39,3.80
2014-03,0.31,2.80
2014-04,0.28,2.51
2014-05,0.30,2.67
2014-06,0.29,2.89
2014-07,0.33,3.28
2014-08,0.35,3.54
2014-09,0.40,4.34
2014-10,0.36,4.02
2014-11,0.34,3.98
2014-12,0.39,4.41
2015-01,0.45,4.75
2015-02,0.46,4.62
2015-03,0.33,3.56
2015-04,0.28,3.23
2015-05,0.29,3.34
2015-06,0.31,3.66
2015-07,0.33,3.92
2015-08,0.35,3.98
2015-09,0.39,4.46
2015-10,0.38,4.56
2015-11,0.35,4.56
2015-12,0.39,4.70
2016-01,0.42,4.98
2016-02,0.47,5.16
2016-03,0.38,4.15
2016-04,0.34,3.70
2016-05,0.35,3.66
2016-06,0.36,4.07
2016-07,0.40,4.59
2016-08,0.41,4.86
2016-09,0.44,5.05
2016-10,0.42,5.07
2016-11,0.44,5.29
2016-12,0.45,5.45
2017-01,0.46,5.60
2017-02,0.46,5.35
2017-03,0.42,4.82
2017-04,0.35,4.11
2017-05,0.39,4.29
2017-06,0.37,4.55
2017-07,0.38,4.67
2017-08,0.41,4.88
2017-09,0.42,5.10
2017-10,0.41,4.80
2017-11,0.39,4.83
2017-12,0.39,5.11
2018-01,0.41,5.25
2018-02,0.40,5.74
2018-03,0.37,5.15
2018-04,0.29,4.30
2018-05,0.29,4.08
2018-06,0.30,4.41
2018-07,0.30,4.47
2018-08,0.31,4.89
2018-09,0.31,5.11
2018-10,0.32,5.47
2018-11,0.30,5.48
2018-12,0.32,5.50
2019-01,0.34,5.74
2019-02,0.34,5.54
2019-03,0.29,5.02
2019-04,0.24,4.35
2019-05,0.25,4.38
2019-06,0.25,4.52
2019-07,0.27,5.11
2019-08,0.28,5.93
2019-09,0.30,5.39
2019-10,0.28,5.43
2019-11,0.27,5.43
2019-12,0.29,5.53
2020-01,0.31,5.83
2020-02,0.30,5.62
2020-03,0.27,5.11
2020-04,0.28,5.13
2020-05,0.27,4.45
2020-06,0.25,3.81
2020-07,0.23,3.55
2020-08,0.22,3.49
2020-09,0.25,3.85
2020-10,0.24,3.82
2020-11,0.22,3.84
2020-12,0.24,4.23
2021-01,0.25,4.17
2021-02,0.23,3.74
2021-03,0.22,3.76
2021-04,0.15,2.82
2021-05,0.14,2.58
2021-06,0.14,2.77
2021-07,0.15,3.07
2021-08,0.16,3.16
2021-09,0.17,3.64
2021-10,0.18,3.76
2021-11,0.19,3.90
2021-12,0.21,4.34
2022-01,0.21,4.56
2022-02,0.24,4.77
2022-03,0.21,4.42
2022-04,0.17,3.86
2022-05,0.19,3.84
2022-06,0.20,4.37
2022-07,0.21,4.71
2022-08,0.22,4.98
2022-09,0.24,5.28
2022-10,0.23,5.13
2022-11,0.23,5.21
2022-12,0.27,5.67
2023-01,0.28,5.93
2023-02,0.32,5.90
2023-03,0.26,5.28
2023-04,0.21,4.67
2023-05,0.22,4.69
2023-06,0.25,5.01
2023-07,0.24,5.31
2023-08,0.26,5.81
2023-09,0.27,6.11
2023-10,0.28,6.00
2023-11,0.28,5.88
2023-12,0.32,5.94
2024-01,0.35,6.28
2024-02,0.35,6.39
2024-03,0.31,5.62
2024-04,0.28,5.23
2024-05,0.29,5.64
2024-06,0.29,5.62
2024-07,0.33,5.91
2024-08,0.34,6.10
2024-09,0.35,6.12
2024-10,0.37,6.23
2024-11,0.36,6.07
2024-12,0.37,6.15
2025-01,0.39,6.45
2025-02,0.39,6.30
2025-03,0.36,5.91
2025-04,0.31,5.61
2025-05,0.33,5.57
2025-06,0.33,5.89
2025-07,0.34,6.28
2025-08,0.35,6.43
