month,composite,employment,new_orders,prices,business_activity,supplier_deliveries,backlog,new_export_orders,imports,inventories,inventory_sentiment
1997-07,56.7,53.8,58.8,50.9,58.6,55.5,49,62,55.6,51,56.5
1997-08,62,53.8,60.2,53.3,62.6,71.5,56.5,57.5,48.4,48.5,62
1997-09,56.2,53.2,59.3,53.1,59.1,53,49.5,49.5,47.5,54,63
1997-10,56.6,51,60.8,53.1,62.6,52,52,51.5,50.7,46.5,66
1997-11,58.5,56.7,59.9,54.3,61.9,55.5,56,53.5,50.3,51,64.5
1997-12,55.5,55,58.8,54.9,56.5,51.5,49,48.5,52.2,49,67
1998-01,57,55,57.4,52.7,61.4,54,49,52,51.5,48.5,61.5
1998-02,56.2,54.8,59.1,51.6,58.9,52,51.5,51.5,52.6,50.5,59.5
1998-03,54.7,54.1,55.1,47.9,57,52.5,51.5,58.5,50,52.5,64
1998-04,54.9,51.6,57.5,46.8,58.6,52,51,56.5,52.1,52.5,66.5
1998-05,56.2,52.8,60.2,47.2,61.2,50.5,53,48.5,52.8,50,63.5
1998-06,55.1,52.5,55.8,45.5,58.7,53.5,50,55,54.5,49.5,69
1998-07,55.8,51.9,58.2,47,58.6,54.5,52,51.5,50.9,48,60.5
1998-08,53.5,52.3,55.3,47.9,52.2,54,56.5,54,55.2,48,62.5
1998-09,55,53.7,55.9,46.2,57.4,53,54,54,52,50.5,65
1998-10,53.8,53.1,54.7,49.3,54,53.5,49,48.5,48.8,48.5,65.5
1998-11,52.6,52.6,52.7,47.3,54.9,50,46.5,45,50.7,50,63
1998-12,52.9,50.9,53.5,48.5,54.2,53,47,49,50.3,50.5,64.5
1999-01,55.6,51.4,57.5,47,58.8,54.5,49,46.5,53.1,47,61
1999-02,54.4,52.2,56.6,45.5,57.3,51.5,51.5,47.5,52.7,49.5,60.5
1999-03,55.3,51.1,58.1,48.9,59.5,52.5,55.5,58.5,55.3,47.5,61.5
1999-04,55.5,52,58.6,51.4,59.8,51.5,51,56.5,52.6,48.5,63
1999-05,55.3,52.9,56.4,52.9,57.7,54,50.5,58.5,54.4,51.5,61
1999-06,56.7,55.3,59.7,53.2,57.9,54,52,53.5,51.9,49.5,61
1999-07,56.2,53.4,58.1,57.7,60.7,52.5,50,57.5,55.9,49.5,61
1999-08,56.4,52.3,59.6,58.9,60.3,53.5,51.5,58,52.3,52,63
1999-09,56.2,51.4,60.1,64.2,59.1,54,52.5,62.5,55.5,52,61.5
1999-10,57.6,51.7,62,58.9,60.7,56,52,54,55.7,47.5,58
1999-11,54.9,50.6,55.5,61,57,56.5,49,56,53.8,52.5,62.5
1999-12,56.9,53,61.1,60.5,60.4,53,49,58,50.8,50,61.5
2000-01,56.6,52.3,60.8,61.4,57.7,55.5,48.5,57.5,54.9,49.5,67
2000-02,56.2,52.8,58.9,66.5,58.2,55,52,47.5,51.9,49.5,66.5
2000-03,57.4,55,61.7,68.6,60.5,52.5,53,55.5,54.7,51.5,60.5
2000-04,58,54.4,61.5,65,61.1,55,55.5,59,54.6,53.5,64
2000-05,57.7,53.5,60.5,64.2,59.8,57,53.5,62,54.7,49.5,63
2000-06,56.9,54.4,59.4,65,60.3,53.5,56.5,57,52.6,54,66.5
2000-07,55.3,50.5,59.7,62.1,56.5,54.5,50.5,53,53.1,51,68
2000-08,57.6,54.2,59.8,59.2,61.3,55,52,56,53.9,51,61.5
2000-09,56.7,53.5,60.4,62.1,59.8,53,56.5,51.5,46,53.5,65
2000-10,56.7,54.5,59.2,63.7,58.6,54.5,53.5,55,58.9,55,67.5
2000-11,56.2,54.6,56.4,60.9,59.7,54,49.5,55,54.7,49.5,66
2000-12,54,52.4,54.9,63.5,57.5,51,50.5,56.5,53.4,48.5,65
2001-01,51.6,51.7,50.8,61.8,52.5,51.5,42.5,55,49.8,45.5,67.5
2001-02,51.3,50.7,51.4,58.1,51.5,51.5,45.5,53.5,48.7,47,65
2001-03,50.7,49.6,52.6,55.8,50,50.5,47.5,49.5,48.4,49,69
2001-04,48.3,46.5,47.2,53.8,48.3,51,44,55.5,49.8,45.5,64
2001-05,49,46.7,49.3,58.5,47.9,52,46.5,48.5,48.7,47.5,63.5
2001-06,50.1,45.6,52.2,54.5,51.6,51,49,49.5,50,48.5,65
2001-07,48.1,46.4,47.5,49.9,48.1,50.5,42.5,53,50.1,46,61.5
2001-08,46.9,45.7,46.5,48.9,47.4,48,41.5,47.5,52.8,43.5,65.5
2001-09,49.5,46.4,50.8,50.2,49.7,51,48.5,53.5,52.7,44.5,64
2001-10,44.8,43.9,41.3,43.4,40.5,53.5,40.5,44.5,50.7,48,68.5
2001-11,48.2,44.5,46.4,41.3,49.4,52.5,42,48.5,51.6,49.5,67
2001-12,49.7,44.6,49.9,42.3,50.7,53.5,46.5,55,55.9,48.5,66.5
2002-01,48.9,44.3,48.3,48.8,49.8,53,45.5,56.5,55.3,47.5,64.5
2002-02,52.7,43.9,56.3,47.6,57.5,53,47.5,52.5,54.3,51.5,66.5
2002-03,52.8,45.8,56.4,49.2,57.1,52,49.5,49.5,48.9,50,65.5
2002-04,53.5,47.8,58.4,53.7,56.3,51.5,48.5,52.5,56.2,52.5,63
2002-05,54.8,49.2,57.3,55.2,60.5,52,53.5,61.5,54,48.5,65
2002-06,52.5,44,56.4,53.1,56.1,53.5,49,57.5,55.2,47.5,66
2002-07,50.4,46.1,50.7,60.5,52.1,52.5,43.5,59.5,52.6,52,66
2002-08,50.9,47.2,51.6,55.1,51.9,53,48,46,48.3,46,62
2002-09,52.3,47.1,54.8,53.4,54.9,52.5,51,57.5,44.7,44.5,66
2002-10,51.4,46.6,52.3,56.1,53.1,53.5,52,49,54.9,44,64.5
2002-11,52.9,46,56.4,57.6,56.8,52.5,50.5,58.5,55.1,44,61
2002-12,52.3,47,54.2,56.5,55.5,52.5,51.5,54,51.8,45.5,63
2003-01,53.3,50.5,54.4,58,56.2,52,48,53,56.5,46.5,64.5
2003-02,52.6,48.5,53.9,60.5,55.6,52.5,50,58.5,51.5,48.5,66.5
2003-03,49.1,48.1,49.9,59.4,46.3,52,47.5,48.5,55,49.5,66
2003-04,50.1,48.7,50.4,55.7,50.7,50.5,46,52.5,50,51,62.5
2003-05,52.8,48.5,55.9,50,54.6,52,51,49,58.5,52.5,63
2003-06,54.3,49.3,57.1,52.3,59.2,51.5,51.5,49.5,50.5,47,62
2003-07,57.3,50.5,62.3,51.4,62.7,53.5,54.5,47.5,54,49.5,60
2003-08,59.1,51.7,66.9,56.1,65.1,52.5,51.5,58.5,60,49,62
2003-09,57.6,50.1,61.4,59.5,63.8,55,57,56,55,47.5,60.5
2003-10,58.7,53,64.2,57.2,64.4,53,54,58,56,49,60
2003-11,57.5,54.4,61.3,58.5,61.1,53,52.5,54.5,57.5,51,62
2003-12,56.8,54,61.2,61.1,60,52,55.5,57.5,57,51.5,62
2004-01,61.2,55.1,65.4,62.2,67.7,56.5,53.5,51,54.5,49.5,59
2004-02,58,52.9,61.2,59.5,62.5,55.5,53,55.5,58.5,49,58
2004-03,58.3,53.8,62.1,65,62.3,55,52.5,51.5,60.5,51.5,60.5
2004-04,59.6,54.7,61.6,68.6,64,58,53.5,62,60.5,56.5,58
2004-05,58.5,54.5,60.7,71,62.6,56,56.5,52,59.5,54,60
2004-06,58.6,55.6,62.1,74.2,59.2,57.5,55.5,59.5,56.5,57.5,60.5
2004-07,58.5,49.7,63.2,71.9,63.2,58,55,55.5,60.5,54,64
2004-08,57.3,53.5,59,70.9,59.7,57,53,55,63.5,53,62.5
2004-09,57.9,55.3,60.6,67,60,55.5,52.5,55.5,56,51.5,61.5
2004-10,58.8,56.5,61.7,72.8,61,56,52.5,55,57.5,50,60.5
2004-11,58.4,54.8,61.1,70.6,62.8,55,54,53.5,62,52.5,61.5
2004-12,59.6,54.7,63.2,71.3,65,55.5,56.5,55.5,61,56,64
2005-01,57.4,54.6,62.4,69.1,62.5,52.5,48,52.5,53,49.5,64.5
2005-02,58.9,59.7,63.3,69.7,61.9,52.5,51.5,56,57.5,52,64.5
2005-03,58.5,57.2,60.5,65.6,61.3,53,56.5,51.5,59,52.5,64.5
2005-04,55.7,53.3,57.5,62.4,58.6,53,54,52.5,58.8,54.5,60.5
2005-05,55.5,51.8,58.2,57.6,57.5,53.5,56.5,62,57.5,51.5,63
2005-06,58.4,55.8,59.2,58.4,60.7,56.5,52.5,50,58.5,52,64.5
2005-07,58.9,55.1,64.4,65.8,61.3,57,53.5,53.5,62,52.5,64
2005-08,61.3,60.2,65.3,66.1,64.8,55,52,63.5,61.5,53.5,67
2005-09,56.2,55.4,56.2,83.5,55.2,56,52,55,58.5,50,64
2005-10,57.4,54.2,57.5,79.2,59.2,58.5,55,54.5,53.5,50,55
2005-11,59.1,56.9,59.6,72.6,59.2,60.5,54,57,56.5,54,60
2005-12,58.7,56.4,62.8,68.9,60.1,56.5,54,61.5,56.5,56,59
2006-01,55.8,54.5,57.4,69.9,58.6,54.5,52.5,58,49.5,55,63
2006-02,57.4,58.1,57.8,67.8,61.8,52.5,54,60,55,53,63.5
2006-03,57.6,55.1,58.6,60.1,60,54,50.5,63.5,60.5,54,63
2006-04,58.4,56.5,61.1,68.5,61.3,54.5,54,59.5,57,59,60
2006-05,57.2,54.6,58.6,70.5,58.1,56.5,52,64,58.5,59,59
2006-06,55.3,51.2,57,69,56.4,56,55.5,54.5,55.5,51.5,63
2006-07,55.2,53.6,58.1,70.6,56.3,54.5,56,56,60.5,53,60
2006-08,53.7,52.2,53.1,72.2,56.7,53.5,49.5,53,60,51.5,59
2006-09,54.8,52.9,56.5,60.6,54.4,54,53,59,55,50.5,63.5
2006-10,54.7,52.9,55.3,56.5,56.9,54.5,51.5,63.5,57.5,53,64.5
2006-11,54.3,52.2,56.7,56.7,59.2,50,54.5,58.5,59.5,51.5,57
2006-12,53.4,52.7,54.8,60.5,56.1,51,48,61.5,62,53.5,63.5
2007-01,55.3,54.8,55.6,56.8,58.3,53.5,49,55,52,47,65.5
2007-02,54.4,52.7,55.7,54.7,56,52.5,47,59,54,50.5,61.5
2007-03,52.7,51.9,53.2,61.9,52.8,50,52.5,48.5,50,52,63
2007-04,53.4,51.1,54.9,62.1,56.1,51,50,55.5,52.5,52,60.5
2007-05,54.4,52.2,57.1,63.2,58.1,49.5,48,66,55.5,61,61
2007-06,55.3,53.3,57.2,61.9,60.1,50.5,46.5,59,57.5,52.5,60.5
2007-07,53.3,51.1,54.5,60.3,57.1,51.5,53,52.5,54.5,55,65
2007-08,52.5,48.3,56.7,59.9,55.7,50.5,50,53.5,55,57,61.5
2007-09,52.6,52.5,52.6,68.6,54.2,50.5,47,50,51,50,62
2007-10,53.1,53.6,55.3,69.2,55.1,50,43.5,56,55.5,49.5,60
2007-11,52.2,51.6,51.9,75.3,55.7,51.5,48.5,55.5,49.5,50.5,61.5
2007-12,52.3,51.8,52.5,73.4,53.2,52.5,49,50,50.5,50.5,64.5
2008-01,44.975,45.7,43.3,71.4,41.9,49,46,52,41.5,44.5,57
2008-02,49.9,47.3,50.1,68.8,52.2,50,49.5,46.5,49,50,60.5
2008-03,49.35,47.4,49.3,69.8,51.7,49,47.5,55,54.5,51.5,60.5
2008-04,51.775,49.7,50.3,70.8,51.1,56,50,48.5,50,47,63
2008-05,51.425,47.2,54.2,75,53.3,51,49,54,48,54,66.5
2008-06,48.325,43.4,49.2,79.7,50.2,50.5,49,52,50.5,53,60
2008-07,49.95,46.3,49,78.3,51,53.5,52,47.5,49,54.5,62.5
2008-08,50.625,45.2,50.7,74.8,51.1,55.5,49,44.5,46,53.5,66
2008-09,49.425,44.3,49.5,72.4,50.4,53.5,46.5,50.5,47.5,45.5,62.5
2008-10,44.675,42.8,44.1,56.3,43.8,48,44,50,52,48,67.5
2008-11,37.625,31.5,35.3,37.3,34.2,49.5,39.5,34.5,40,46,65
2008-12,39.975,34.9,38.7,36.8,38.3,48,42.5,39.5,32.5,49,65.5
2009-01,43.1,36.2,40.7,41.6,44.1,51.5,37.5,39,40.5,41.5,62.5
2009-02,41.5,37,40.4,47.6,40.6,48,36.5,40,39,39,66.5
2009-03,40,31.9,37.2,38.7,42.8,48,41,39,37,40,60
2009-04,43.4,36.3,46.8,40.3,45,45.5,44,48.5,48.5,43,62.5
2009-05,44.2,37.9,45.9,47.5,43.1,50,40,47,46,47,62.5
2009-06,46.8,41.5,49.6,54.5,50.1,46,46,54.5,47,45,67
2009-07,47,41.3,49.7,42.7,47,50,42,47.5,45,47,62.5
2009-08,49.1,43.4,51.7,61.6,52.1,49,41,54,49,43,67.5
2009-09,50.5,44.7,53.3,49.1,53.8,50,51.5,48.5,51.5,47.5,62
2009-10,50.9,42.6,55.4,52.7,55,50.5,53.5,53.5,46,43,63.5
2009-11,49.3,42.8,54.9,58.1,50.9,48.5,48.5,54.5,46,45.5,61.5
2009-12,49.9,44.6,51.6,58.5,53,50.5,48,46,52.5,51.5,61
2010-01,50.1,45.1,52.9,59.3,51.8,50.5,45.5,46,47,46.5,64.5
2010-02,51.8,47.1,53.4,58.8,53.2,53.5,46,47,48.5,45,60
2010-03,53.4,48.1,58.1,60.9,57.8,49.5,55.5,57.5,51,46.5,52.5
2010-04,55.1,48.7,58.1,63.7,60.1,53.5,49.5,57,56.5,54.5,53.5
2010-05,55.3,49.4,57.9,60.8,61,53,56,53.5,56.5,62.5,60.5
2010-06,54.5,48.6,56.6,56.6,59.7,53,55.5,48,48,58.5,59
2010-07,54.6,50.9,58.2,56.2,57.3,52,52,52,48,55.5,59
2010-08,52.5,48.9,54.4,59.2,55.7,51,50.5,46.5,50.5,53.5,60
2010-09,53.4,51.3,54.3,59.4,52.9,55,48,58,53,47,59.5
2010-10,55.4,52.2,58.3,68.2,59.9,51,52,55.5,54,47.5,61.5
2010-11,56.3,55.7,58.4,65.6,58.6,52.5,51.5,59.5,54.5,51.5,60
2010-12,56.8,51.6,62.1,69.3,62.1,51.5,48.5,56,51,52.5,61.5
2011-01,57.7,52.3,63,70,61.8,53.5,50.5,53.5,53.5,49,60
2011-02,58.1,54.6,61.9,71.1,63.8,52,52,56.5,53.5,55.5,57.5
2011-03,55.8,53.4,59.5,70.9,58.6,51.5,56,59,50,55.5,67
2011-04,55,53.5,56.3,71,57.1,53,55.5,53.5,57,55.5,57.5
2011-05,54.9,54.7,56,70.3,54.7,54,55,57,50.5,55,55
2011-06,54.2,52.9,55.4,62.3,56.4,52,48.5,57,46.5,53.5,58.5
2011-07,53.5,53.4,53.7,60.8,56.3,50.5,44,49,47.5,56.5,59.5
2011-08,53.6,51.6,53.9,61.3,55.9,53,47.5,56.5,53.5,53.5,56
2011-09,52.3,49,54.6,60.9,56.1,49.5,52.5,52,47.5,51.5,59
2011-10,52.9,51.9,53.4,57.7,54.1,52,47,54,48,45.5,57.5
2011-11,52.9,52.6,53.4,63.4,55.6,50,48,55.5,48.5,52.5,63
2011-12,52.5,48.6,54.1,62.2,55.8,51.5,45.5,51,54,48.5,59.5
2012-01,56.1,55,59.5,61.4,58.8,51,49.5,56.5,55,47,58.5
2012-02,56,54,59.9,67.6,60.6,49.5,53,54.5,52,53.5,61.5
2012-03,55.6,55.5,57.9,65,59.3,49.5,49.5,52.5,56,54,58.5
2012-04,54.4,54.9,55.1,56.6,55.9,51.5,53,58,56.5,54,61
2012-05,54.4,53.1,55.6,52.7,56,53,53,53,53,56,63
2012-06,53.7,52.6,55.7,49.6,55.3,51,47.5,49.5,53.5,53,64.5
2012-07,52.4,50.3,54.3,54.7,55.4,49.5,44.5,51,44.5,54.5,59
2012-08,53,52.9,53.6,61.7,54,51.5,50.5,52,49.5,52.5,67
2012-09,54.7,52.4,55.6,65.9,59.1,51.5,48,50.5,50,48.5,65
2012-10,54.2,53.4,55.5,61.8,56.2,51.5,49,47.5,49.5,46.5,64
2012-11,54.8,52.9,57.1,57.9,60.2,49,53.5,48,55.5,47,62.5
2012-12,55.6,54.4,58.8,57,60.7,48.5,49.5,49.5,49,50,58
2013-01,55.3,55.6,56.7,57.5,56.4,52.5,49,55.5,51,47,64
2013-02,56.1,56.4,58.9,61.3,57.5,51.5,54.5,60.5,52.5,54,62.5
2013-03,55.2,53.3,56.5,56.3,57.8,53,54.5,56.5,57.5,51.5,59.5
2013-04,53.8,53.4,55.4,52.6,55.5,51,51.5,53.5,58.5,56,60.5
2013-05,54.3,52.4,56.1,52.4,56.7,52,51.5,50,49.5,51.5,62.5
2013-06,54,54.9,54.1,54.7,55.6,51.5,52,47.5,53.5,54.5,61.5
2013-07,54.9,53.7,55.3,56.8,57.9,52.5,46.5,49.5,50.5,53.5,64
2013-08,56.7,55.7,57.8,53.1,58.8,54.5,50.5,50.5,55,56,63.5
2013-09,53.6,52.8,57.1,57,54.6,50,50.5,57.5,51.5,54.5,62
2013-10,54.4,53.8,56,56.7,58.9,49,50,53,55,54.5,62.5
2013-11,53.7,54.1,55.4,53.1,54.4,51,49,58,55,54,60.5
2013-12,52.9,54.7,50.2,56.1,55.3,51.5,46,51.5,50.5,48,57.5
2014-01,54.7,56.6,52.9,58.4,56.6,52.5,49,49,48,50.5,63
2014-02,53.1,48.6,54.4,57.4,56.2,53,52,47.5,47,50.5,62
2014-03,54.1,54,55.3,58.3,55,52,51.5,49.5,50.5,48,60.5
2014-04,55.2,52.2,58,60.4,60.1,50.5,49,57,55.5,55.5,65
2014-05,56.8,55,60.2,58.3,62,50,54,53,55.5,55.5,63
2014-06,56.6,54.5,60.9,58.9,59.9,51,53,55,53,53.5,60.5
2014-07,57,55.8,60.7,58.9,60.1,51.5,53,53,54.5,51,58
2014-08,58.2,56.7,61.4,57.3,62,52.5,54.5,52.5,51,51,55
2014-09,57.6,56.7,59.9,55.3,61.7,52,52,57.5,52.5,52,60
2014-10,56.1,56.5,58.5,52.5,59.8,49.5,51.5,53.5,56,49.5,58.5
2014-11,58.8,55.7,61.4,54.5,63.4,54.5,55.5,57,53.5,55.5,63
2014-12,56.3,55.1,58.7,50.6,58.8,52.5,49.5,53.5,50,50,59
2015-01,57.2,52.6,60.5,47.6,61.6,54,49,52.5,46.5,52.5,61.5
2015-02,57.9,57.2,58.8,51.2,60.5,55,53,53,51,54.5,62
2015-03,57.3,57.2,58.9,53,58.9,54,53.5,59,55.5,49.5,61
2015-04,57.5,56.7,58.7,50,61.2,53.5,54.5,48.5,51.5,51,59.5
2015-05,56.6,57.2,58.4,53.5,60.7,50,48.5,55,53.5,51,59
2015-06,56,52.8,58.3,51.6,61.2,51.5,50.5,52,48,55,65
2015-07,59,59.1,60.9,52.5,63,53,54,56.5,50.5,57,63.5
2015-08,58.6,56.3,62.7,50.8,62.8,52.5,56.5,52,51.5,54.5,69
2015-09,56.3,56.8,56,48.7,59.8,52.5,54.5,52.5,53,51,65
2015-10,58.1,57.1,61,48.9,62.3,52,54.5,54.5,54.5,52.5,63
2015-11,55.8,53.9,58.2,49.4,58.1,53,51.5,49.5,51,54.5,63.5
2015-12,55.2,55.2,57.9,50.5,59.1,48.5,50,53.5,49,53,64.5
2016-01,54,52.9,57,48.1,54.4,51.5,52,45.5,46,51.5,61.5
2016-02,54.3,51.4,56.8,46.1,58.3,50.5,52,53.5,55.5,52.5,62
2016-03,54.9,51.5,57.4,50,59.7,51,52,58.5,53,52.5,62.5
2016-04,55.7,53.3,59.5,53.3,58.8,51,51.5,56.5,54,54,61
2016-05,53.6,50.9,54.8,54.7,56,52.5,50,49,53.5,54,60
2016-06,56.1,52.5,58.9,54.6,58.8,54,47.5,53,54,55.5,62.5
2016-07,54.9,51.3,58.5,52.3,58.9,51,51,55.5,53,54,63
2016-08,51.7,51,52,51.8,52.4,51.5,49.5,46.5,50.5,48,64
2016-09,56.6,56,59.6,53.5,59.8,51,52,56.5,51,51.5,64.5
2016-10,54.6,52.2,57.7,55.8,58.1,50.5,52,55.5,53,52,62
2016-11,56.2,55.2,57.4,55.6,60.3,52,51,57,54,51.5,60.5
2016-12,56.6,52.7,60.7,56.1,60.9,52,48,53,50,52,61.5
2017-01,56.5,54.7,58.6,59,60.3,52.5,50,48,54,48,62
2017-02,57.4,55.2,61.2,57.7,63.6,50.5,54,57,51,52,64.5
2017-03,55.6,51.6,58.9,53.5,58.9,51.5,53,62.5,56.5,48.5,65
2017-04,57.3,51.4,63.2,57.6,62.4,53,53.5,65.5,53,52.5,60
2017-05,57.1,57.8,57.7,49.2,60.7,51.5,57,54.5,48.5,54,63
2017-06,57.2,55.8,60.5,52.1,60.8,52.5,52.5,55,51,57.5,62
2017-07,54.3,53.6,55.1,55.7,55.9,51,52,53,51.5,56.5,67.5
2017-08,55.2,56.2,57.1,57.9,57.5,50.5,53.5,55,50.5,53.5,61
2017-09,59.4,56.8,63,66.3,61.3,58,56,56,52,51.5,58.5
2017-10,59.8,57,62.6,61.5,61.5,58,53.5,60,52,52.5,61
2017-11,57.3,55.4,58.8,60.1,61.1,54,51.5,57,52.5,54.5,56
2017-12,56,56.3,54.5,59.9,57.8,55.5,50,56.5,52.5,53.5,62.5
2018-01,59.9,61.6,62.7,61.9,59.8,55.5,50.5,58,54,49,61
2018-02,59.1,55,64.8,61,62.8,55.5,56,59.5,50,53.5,61
2018-03,58.7,56.6,59.5,61.5,60.6,58.5,56.5,58,55,53.5,58.5
2018-04,57.2,53.6,60,61.8,59.1,54.5,52,61.5,54.5,57,60
2018-05,58.9,54.1,60.5,64.3,61.3,58.5,60.5,57.5,54,57.5,61
2018-06,58.7,53.6,63.2,60.7,63.9,55.5,56.5,60.5,51.5,53.5,57.5
2018-07,56.7,56.1,57,63.4,56.5,53,51.5,58,52.5,53.5,58
2018-08,58.8,56.7,60.4,62.8,60.7,56,56.5,60.5,52,53.5,59.5
2018-09,60.8,62.4,61.6,64.2,65.2,57,58.5,61,55,54.5,59.5
2018-10,60,58.3,61.7,61.3,62.6,57.5,53.5,61,51,56,62
2018-11,60.4,58,62.7,64.3,64.3,56.5,55.5,57.5,54.5,57.5,60
2018-12,58,56.6,62.7,58,61.2,51.5,50.5,59.5,53.5,51.5,59
2019-01,56.7,57.8,57.7,59.4,59.7,51.5,52.5,50.5,52,49,60.5
2019-02,58.5,55.2,65.2,54.4,64.7,53.5,55.5,55,48.5,51,59
2019-03,56.3,55.9,59,58.7,57.4,52,56.5,52.5,51.5,50,62.5
2019-04,55.7,53.7,58.1,55.7,59.5,50.5,55,57,55,51.5,60
2019-05,56.3,58.1,58.6,55.4,61.2,49.5,52.5,55.5,50,54,58.5
2019-06,55.4,55,55.8,58.9,58.2,51.5,56,55.5,50,55,58.5
2019-07,54.8,56.2,54.1,56.5,53.1,51.5,53.5,53.5,53.5,50,60.5
2019-08,56,53.1,60.3,58.2,61.5,50.5,49,50.5,50.5,55,56
2019-09,53.5,50.4,53.7,60,55.2,51,54,52,49,53,58
2019-10,54.4,53.9,55.6,57.3,55.5,52.5,48.5,50,48.5,50.5,57
2019-11,53.9,54.9,56.7,58.8,52.3,51.5,48.5,52,45,50.5,58.5
2019-12,54.9,54.8,55.3,59.3,57,52.5,47.5,51,48,51,60
2020-01,55.5,53.1,56.2,55.5,60.9,51.7,45.5,50.1,55.1,46.5,54.9
2020-02,56.7,55.6,63.1,50.8,57.8,52.4,53.2,55.6,52.6,53.9,59.3
2020-03,53.6,47,52.9,50,48,62.1,55,45.9,40.2,41.5,47.8
2020-04,41.6,30,32.9,55.1,26,78.3,47.7,36.3,49.3,46.9,62.6
2020-05,45.4,31.8,41.9,55.6,41,67,46.4,41.5,43.7,48,55.1
2020-06,56.5,43.1,61.6,62.4,66,57.5,51.9,58.9,52.9,60.7,55.9
2020-07,56.6,42.1,67.7,57.6,67.2,55.2,55.9,49.3,46.3,52,50
2020-08,57.2,47.9,56.8,64.2,62.4,60.5,56.6,55.8,50.8,45.8,52.5
2020-09,57.2,51.8,61.5,59,63,54.9,50.1,52.6,46.6,48.8,55.4
2020-10,56.2,50.1,57.3,62.7,61.1,56.2,54.4,53.7,52.5,53.1,51.1
2020-11,56.8,51.5,59,63.9,59.6,57.1,50.7,50.4,55,49.3,49.9
2020-12,57.7,48.7,58.6,64.4,60.5,62.8,48.7,57.3,51.8,58.2,47.7
2021-01,58.7,55.2,61.8,64.2,59.9,57.8,50.9,47,53.5,49.2,49.7
2021-02,55.9,52.7,51.9,71.8,55.5,60.8,55.2,57.6,50.5,58.9,54.3
2021-03,62.2,57.2,67.2,74,69.4,61,50.2,55.5,50.7,54,52.7
2021-04,62.7,58.8,63.2,76.8,62.7,66.1,55.7,58.6,55.7,49.1,46.8
2021-05,63.2,55.3,63.9,80.6,66.2,70.4,61.1,60,50.4,51.5,40.5
2021-06,60.7,49.3,62.1,79.5,60.4,68.5,65.8,50.7,58.2,49.9,37.2
2021-07,64.1,53.8,63.7,82.3,67,72,63.5,65.8,51.6,49.2,40.3
2021-08,62.2,53.7,63.2,75.4,60.1,69.6,61.3,60.6,48.7,46.9,41.4
2021-09,62.6,53,63.5,77.5,62.3,68.8,61.9,59.5,47.7,46.1,46.3
2021-10,66.7,52.8,69,83,69.4,75.7,67.3,62.3,53.3,42.2,37.3
2021-11,68.4,57,68.3,83,72.5,75.7,65.9,57.9,50.5,48.2,36.4
2021-12,62.3,54.7,62.1,83.9,68.3,63.9,62.3,61.5,55.5,46.7,38.3
2022-01,59.9,52.3,61.7,82.3,59.9,65.7,57.4,45.9,51.1,49.4,47.5
2022-02,57.2,48.5,56.1,83.1,55.1,66.2,64.2,53,51.7,50.8,55.3
2022-03,58.4,54,60.1,83.8,55.5,63.4,64.5,61,45,51.7,40.2
2022-04,57.5,49.5,54.6,84.6,59.1,65.1,59.4,58.1,52.9,52.3,46.7
2022-05,56.4,50.2,57.6,82.1,54.5,61.3,52,60.9,52.8,51,44.5
2022-06,56,47.4,55.6,80.1,56.1,61.9,60.5,57.5,46.3,47.5,46.2
2022-07,56.4,49.1,59.9,72.3,59.9,57.8,58.3,59.5,48,45,50.1
2022-08,56.1,50.2,61.8,71.5,60.9,54.5,53.9,61.9,48.2,46.2,47.1
2022-09,55.9,53,60.6,68.7,59.1,53.9,52.5,65.1,51.3,44.1,47.2
2022-10,54.5,49.2,56.8,70.9,55.6,56.2,52.2,47.7,50.4,47.2,46.4
2022-11,55.5,50.6,55.8,70.1,61.6,53.8,51.8,38.4,59.5,47.9,44.2
2022-12,49.2,49.4,45.2,68.1,53.5,48.5,51.5,47.7,52.7,45.1,55.9
2023-01,55.2,50,60.4,67.8,60.4,50,52.9,59,53,49.2,55.8
2023-02,55,54,62.6,65.6,56.3,47.6,52.8,61.7,52.6,50.6,55.3
2023-03,51.2,51.3,52.2,59.5,55.4,45.8,48.5,43.7,43.6,52.8,57.9
2023-04,52.3,50.8,56.1,59.6,52,48.6,49.7,60.9,51.3,47.2,48.9
2023-05,51,49.2,52.9,56.2,51.5,47.7,40.9,59,50,58.3,61
2023-06,53.6,53.1,55.5,54.1,59.2,47.6,43.9,61.5,54.6,55.9,54
2023-07,52.8,50.7,55,56.8,57.1,48.1,52.1,61.1,52.3,50.4,56.6
2023-08,54.1,54.7,57.5,58.9,57.3,48.5,41.8,62.1,52.3,57.7,61.5
2023-09,53.4,53.4,51.8,58.9,58.8,50.4,48.6,63.7,50.6,54.2,54.8
2023-10,51.9,50.4,55.1,58,54.5,47.5,50.9,48.8,60,49.5,54.4
2023-11,52.5,50.6,54.8,57.6,54.9,49.6,49.1,53.6,53.7,55.4,62.2
2023-12,50.5,43.8,52.8,56.7,55.8,49.5,49.4,50.4,49.3,49.6,55.3
2024-01,53.4,50.5,55,64,55.8,52.4,51.4,56.1,59.9,49.1,59.3
2024-02,52.2,48,56.1,58.6,57.2,48.9,50.3,51.6,54.3,47.1,56.7
2024-03,51.3,48.5,54.4,53.4,57.4,45.4,44.8,52.7,52.4,45.6,55.7
2024-04,49.6,45.9,52.2,59.2,50.9,48.5,51.1,47.9,53.6,53.7,62.9
2024-05,53.5,47.1,54.1,58.1,61.2,52.7,50.8,61.8,42.8,52.1,57.7
2024-06,49.2,46.1,47.3,56.3,49.6,52.2,44,51.7,44,42.9,64.1
2024-07,51.4,51.1,52.4,57,54.5,47.6,50.6,58.5,53.3,49.8,63.2
2024-08,51.6,50.2,53,57.3,53.3,49.6,43.7,50.9,50.3,52.9,54.9
2024-09,54.5,48.1,59.4,59.4,59.9,52.1,48.3,56.7,52.7,58.1,54
2024-10,55.8,52.2,56.7,58.6,57.7,56.4,47.7,51.7,50.2,57.2,53
2024-11,52.5,50.9,54.2,58.5,55.5,49.5,47.1,49.6,53.8,45.9,54.6
2024-12,54,51.3,54.4,64.4,58,52.5,44.3,50.1,50.7,49.4,53.4
2025-01,52.8,52.3,51.3,60.4,54.5,53,44.8,52,49.8,47.5,53.5
2025-02,53.5,53.9,52.2,62.6,54.4,53.4,51.7,52.1,49.6,50.6,54.7
2025-03,50.8,46.2,50.4,60.9,55.9,50.6,47.4,45.8,52.6,50.3,56.6
2025-04,51.6,49,52.3,65.1,53.7,51.3,48,48.6,44.3,53.4,56.1
2025-05,50.2,50.7,46.4,68.7,50,52.5,43.4,48.5,48.2,49.7,62.9
2025-06,50.8,47.2,51.3,67.5,54.2,50.3,42.4,51.1,51.7,52.7,57.1
2025-07,50.5,46.4,50.3,69.9,52.6,51,44.3,47.9,45.9,51.8,53.2
2025-08,51.9,46.5,56,69.2,55,50.3,40.4,47.3,54.6,53.2,55.5
2025-09,50.3,47.2,50.4,69.4,49.9,52.6,47.3,46.5,49.2,47.8,55.7
2025-10,52,48.2,56.2,70,54.3,50.8,40.8,47.8,43.7,49.5,55.5
2025-11,52.4,48.9,52.9,65.4,54.5,54.1,49.1,48.7,48.9,53.4,54.8
2025-12,53.8,51.7,56.5,65.1,55.2,51.8,42.6,54.2,50.3,54.2,54.1
2026-01,53.8,50.3,53.1,66.6,57.4,54.2,44,45,48.2,45.1,54.3
2026-02,56.1,51.8,58.6,63,59.9,53.9,55.9,57.2,51.8,56.4,55.3
2026-03,54,45.2,60.6,70.7,53.9,56.2,53.6,50.7,55.2,54.8,54.3
2026-04,53.6,48,53.5,70.7,55.9,56.8,53,52.1,54.7,53.1,55.1
2026-05,54.5,47.9,57.3,71.3,57.7,55.2,51.3,50,51.1,62.5,55.2
2026-06,54,51.2,55.1,67.7,55.4,54.4,54.9,50.4,49.4,51.2,52.6
2026-07,54.1,47.4,57.2,70.3,59.1,52.8,50.9,52,51.8,51.4,52.5
2026-08,55.4,47.8,60.9,72.6,61.7,51.3,55.6,56.3,56.3,56.7,54.1
