week_end,refinance,purchase
1990-01-05,158.7,80.2
1990-01-12,168.1,83.3
1990-01-19,168.3,101.2
1990-01-26,128.1,104.9
1990-02-02,110.7,95.3
1990-02-09,106.1,93.2
1990-02-16,82.2,93.4
1990-02-23,121.1,118.8
1990-03-02,80.4,95.5
1990-03-09,105.1,88.7
1990-03-16,100.0,86.7
1990-03-23,90.1,94.3
1990-03-30,102.7,96.2
1990-04-06,92.4,86.7
1990-04-13,95.4,114.2
1990-04-20,81.0,81.2
1990-04-27,78.7,82.9
1990-05-04,68.8,81.5
1990-05-11,78.7,85.8
1990-05-18,75.7,85.2
1990-05-25,72.9,89.5
1990-06-01,83.1,101.1
1990-06-08,86.9,99.8
1990-06-15,87.9,91.8
1990-06-22,69.9,81.5
1990-06-29,72.0,85.8
1990-07-06,85.3,98.4
1990-07-13,80.3,84.2
1990-07-20,96.2,86.5
1990-07-27,93.4,85.5
1990-08-03,141.6,93.6
1990-08-10,168.7,102.6
1990-08-17,104.2,82.3
1990-08-24,102.8,90.7
1990-08-31,90.9,76.7
1990-09-07,74.8,76.0
1990-09-14,85.8,82.9
1990-09-21,70.6,81.9
1990-09-28,86.9,81.0
1990-10-05,88.7,81.3
1990-10-12,88.8,83.6
1990-10-19,69.1,63.4
1990-10-26,76.3,71.5
1990-11-02,79.8,79.8
1990-11-09,83.7,82.0
1990-11-16,95.2,79.6
1990-11-23,93.6,75.5
1990-11-30,106.1,92.3
1990-12-07,130.9,88.7
1990-12-14,161.1,92.9
1990-12-21,152.9,80.5
1990-12-28,152.7,53.5
1991-01-04,233.8,67.2
1991-01-11,244.8,108.0
1991-01-18,192.6,92.4
1991-01-25,171.1,81.9
1991-02-01,168.9,77.8
1991-02-08,208.9,84.4
1991-02-15,230.5,92.0
1991-02-22,401.9,141.0
1991-03-01,363.7,108.0
1991-03-08,407.3,96.1
1991-03-15,403.3,103.3
1991-03-22,322.0,118.4
1991-03-29,270.0,147.2
1991-04-05,290.2,105.5
1991-04-12,272.8,112.4
1991-04-19,194.7,113.2
1991-04-26,187.4,116.9
1991-05-03,175.0,106.7
1991-05-10,207.3,113.3
1991-05-17,202.5,117.7
1991-05-24,173.4,119.8
1991-05-31,211.8,129.1
1991-06-07,186.8,128.2
1991-06-14,177.1,109.7
1991-06-21,163.0,107.1
1991-06-28,146.8,110.5
1991-07-05,148.6,121.6
1991-07-12,141.8,111.9
1991-07-19,188.3,130.2
1991-07-26,137.1,103.8
1991-08-02,147.0,105.2
1991-08-09,189.8,101.7
1991-08-16,232.1,100.3
1991-08-23,335.1,108.5
1991-08-30,289.2,110.6
1991-09-06,272.9,104.8
1991-09-13,321.1,109.1
1991-09-20,400.6,102.7
1991-09-27,439.4,111.0
1991-10-04,511.8,104.7
1991-10-11,506.3,126.4
1991-10-18,601.3,108.2
1991-10-25,618.7,109.6
1991-11-01,551.8,99.2
1991-11-08,567.1,106.3
1991-11-15,808.7,113.9
1991-11-22,924.9,106.1
1991-11-29,725.0,92.0
1991-12-06,676.6,107.7
1991-12-13,761.6,115.1
1991-12-20,632.6,99.4
1991-12-27,881.2,78.8
1992-01-03,1381.3,92.8
1992-01-10,1494.4,122.2
1992-01-17,1752.0,148.9
1992-01-24,1373.0,144.4
1992-01-31,1045.5,155.9
1992-02-07,900.9,143.6
1992-02-14,685.9,138.4
1992-02-21,826.8,132.6
1992-02-28,710.3,102.9
1992-03-06,627.0,115.2
1992-03-13,491.4,118.8
1992-03-20,402.7,111.8
1992-03-27,370.3,117.9
1992-04-03,398.4,104.1
1992-04-10,357.2,109.6
1992-04-17,353.9,146.6
1992-04-24,308.2,111.5
1992-05-01,285.7,110.9
1992-05-08,283.3,112.2
1992-05-15,351.4,112.0
1992-05-22,372.4,116.3
1992-05-29,339.1,136.9
1992-06-05,343.4,117.3
1992-06-12,364.4,118.4
1992-06-19,410.9,117.6
1992-06-26,361.6,114.9
1992-07-03,501.1,128.8
1992-07-10,1017.8,114.5
1992-07-17,1254.7,147.6
1992-07-24,1313.2,143.6
1992-07-31,1149.6,157.7
1992-08-07,941.1,130.0
1992-08-14,1053.7,142.4
1992-08-21,1037.8,152.4
1992-08-28,1086.0,146.2
1992-09-04,1003.5,140.9
1992-09-11,1148.4,169.5
1992-09-18,1091.9,150.3
1992-09-25,1062.8,128.0
1992-10-02,972.3,132.2
1992-10-09,945.9,131.2
1992-10-16,802.2,134.3
1992-10-23,787.1,148.6
1992-10-30,793.0,148.1
1992-11-06,642.3,163.9
1992-11-13,449.2,138.8
1992-11-20,404.3,147.2
1992-11-27,340.2,102.8
1992-12-04,356.2,136.1
1992-12-11,338.5,152.0
1992-12-18,281.8,132.1
1992-12-25,397.5,120.7
1993-01-01,788.0,176.0
1993-01-08,378.9,120.2
1993-01-15,422.9,124.9
1993-01-22,470.2,125.0
1993-01-29,566.6,143.9
1993-02-05,583.0,140.7
1993-02-12,830.4,141.5
1993-02-19,1060.1,194.6
1993-02-26,1215.2,139.3
1993-03-05,1348.0,145.2
1993-03-12,1604.2,147.7
1993-03-19,1385.4,145.6
1993-03-26,1291.0,162.9
1993-04-02,1164.2,161.4
1993-04-09,1270.3,192.3
1993-04-16,1161.0,156.3
1993-04-23,1134.5,155.9
1993-04-30,1107.5,167.6
1993-05-07,973.4,143.1
1993-05-14,994.0,151.4
1993-05-21,895.7,149.4
1993-05-28,775.7,156.8
1993-06-04,791.9,171.6
1993-06-11,782.0,154.2
1993-06-18,835.3,158.7
1993-06-25,776.6,146.9
1993-07-02,922.8,163.2
1993-07-09,1147.9,175.4
1993-07-16,1141.0,157.1
1993-07-23,1370.5,179.9
1993-07-30,1200.5,155.3
1993-08-06,1151.8,154.2
1993-08-13,1142.6,151.1
1993-08-20,1174.2,146.7
1993-08-27,1369.2,154.4
1993-09-03,1574.4,173.2
1993-09-10,1837.9,180.6
1993-09-17,1795.8,186.0
1993-09-24,1657.1,168.2
1993-10-01,1641.6,164.3
1993-10-08,1489.1,158.2
1993-10-15,1545.3,170.4
1993-10-22,1408.8,167.0
1993-10-29,1344.2,160.0
1993-11-05,1246.0,170.9
1993-11-12,1174.0,167.3
1993-11-19,1058.5,181.1
1993-11-26,807.5,129.6
1993-12-03,745.0,173.0
1993-12-10,719.9,174.2
1993-12-17,570.3,160.4
1993-12-24,518.9,111.9
1993-12-31,744.0,137.5
1994-01-07,675.8,111.9
1994-01-14,738.2,154.1
1994-01-21,638.2,129.8
1994-01-28,746.7,143.3
1994-02-04,1138.5,156.7
1994-02-11,928.1,135.1
1994-02-18,734.5,141.0
1994-02-25,834.1,187.4
1994-03-04,655.5,154.9
1994-03-11,544.1,145.6
1994-03-18,446.7,142.3
1994-03-25,481.2,160.6
1994-04-01,429.8,204.9
1994-04-08,263.6,146.2
1994-04-15,234.2,144.8
1994-04-22,257.6,158.2
1994-04-29,207.8,151.3
1994-05-06,177.7,145.5
1994-05-13,176.4,143.7
1994-05-20,175.5,154.8
1994-05-27,153.9,139.6
1994-06-03,134.4,147.8
1994-06-10,139.8,148.7
1994-06-17,153.3,143.8
1994-06-24,133.6,140.4
1994-07-01,137.2,147.2
1994-07-08,112.5,150.2
1994-07-15,112.6,136.9
1994-07-22,116.8,146.2
1994-07-29,120.0,139.9
1994-08-05,135.0,147.1
1994-08-12,130.9,139.0
1994-08-19,134.4,150.5
1994-08-26,114.7,130.4
1994-09-02,118.5,137.2
1994-09-09,110.5,139.6
1994-09-16,108.3,134.7
1994-09-23,105.9,136.8
1994-09-30,113.2,142.1
1994-10-07,118.6,142.0
1994-10-14,105.6,133.3
1994-10-21,117.4,134.1
1994-10-28,104.5,131.7
1994-11-04,109.5,136.8
1994-11-11,106.3,133.4
1994-11-18,124.4,167.5
1994-11-25,69.9,105.0
1994-12-02,81.2,139.7
1994-12-09,77.9,140.6
1994-12-16,72.5,133.9
1994-12-23,59.0,112.7
1994-12-30,80.3,95.7
1995-01-06,81.0,125.3
1995-01-13,74.4,124.9
1995-01-20,83.3,130.4
1995-01-27,82.4,138.0
1995-02-03,111.6,154.1
1995-02-10,93.6,125.3
1995-02-17,88.8,113.9
1995-02-24,103.1,163.4
1995-03-03,95.6,134.2
1995-03-10,94.4,135.2
1995-03-17,106.0,143.2
1995-03-24,109.8,138.7
1995-03-31,113.0,146.0
1995-04-07,105.0,136.8
1995-04-14,131.4,177.9
1995-04-21,120.5,138.7
1995-04-28,120.9,146.7
1995-05-05,132.2,145.7
1995-05-12,239.1,173.8
1995-05-19,243.4,153.9
1995-05-26,239.9,151.2
1995-06-02,331.1,183.2
1995-06-09,481.6,184.6
1995-06-16,418.9,169.8
1995-06-23,381.3,157.8
1995-06-30,404.3,165.8
1995-07-07,305.9,153.2
1995-07-14,524.3,174.8
1995-07-21,504.0,165.5
1995-07-28,390.6,153.4
1995-08-04,346.3,156.7
1995-08-11,328.7,155.6
1995-08-18,283.0,151.3
1995-08-25,295.9,153.8
1995-09-01,387.0,185.8
1995-09-08,444.2,190.7
1995-09-15,445.4,184.6
1995-09-22,468.9,202.1
1995-09-29,392.8,180.3
1995-10-06,458.2,180.7
1995-10-13,482.7,184.6
1995-10-20,549.0,193.7
1995-10-27,547.5,188.9
1995-11-03,553.0,183.7
1995-11-10,697.4,199.1
1995-11-17,604.9,197.7
1995-11-24,571.6,173.0
1995-12-01,522.3,198.6
1995-12-08,667.0,213.9
1995-12-15,642.5,190.0
1995-12-22,758.6,218.3
1995-12-29,711.7,202.6
1996-01-05,748.2,170.4
1996-01-12,816.1,165.8
1996-01-19,886.6,180.9
1996-01-26,1102.4,189.8
1996-02-02,1028.4,163.3
1996-02-09,1071.4,157.4
1996-02-16,1192.4,173.0
1996-02-23,1129.0,199.9
1996-03-01,1029.5,181.3
1996-03-08,712.4,173.4
1996-03-15,564.7,176.4
1996-03-22,462.9,164.9
1996-03-29,586.6,200.5
1996-04-05,456.6,195.1
1996-04-12,336.9,166.7
1996-04-19,317.6,172.4
1996-04-26,311.1,175.2
1996-05-03,348.2,209.6
1996-05-10,241.0,172.0
1996-05-17,225.2,175.5
1996-05-24,243.9,178.4
1996-05-31,302.6,210.2
1996-06-07,226.1,183.9
1996-06-14,192.5,181.4
1996-06-21,220.0,175.5
1996-06-28,221.7,193.9
1996-07-05,215.2,197.6
1996-07-12,186.1,167.0
1996-07-19,224.3,184.8
1996-07-26,222.3,176.6
1996-08-02,237.5,189.9
1996-08-09,287.8,176.3
1996-08-16,279.9,177.6
1996-08-23,262.9,172.8
1996-08-30,283.6,193.5
1996-09-06,226.8,188.9
1996-09-13,250.8,179.9
1996-09-20,263.3,192.4
1996-09-27,271.4,184.3
1996-10-04,272.3,182.4
1996-10-11,324.8,189.1
1996-10-18,316.4,179.2
1996-10-25,309.4,178.4
1996-11-01,372.9,189.7
1996-11-08,417.9,194.2
1996-11-15,445.7,196.3
1996-11-22,459.5,198.7
1996-11-29,449.5,193.5
1996-12-06,610.7,219.2
1996-12-13,475.4,204.7
1996-12-20,360.4,180.0
1996-12-27,272.8,156.8
1997-01-03,375.5,206.9
1997-01-10,323.6,178.3
1997-01-17,305.8,180.0
1997-01-24,341.6,179.6
1997-01-31,338.4,176.6
1997-02-07,379.2,177.8
1997-02-14,401.5,167.3
1997-02-21,556.0,205.3
1997-02-28,460.9,186.4
1997-03-07,398.7,176.0
1997-03-14,416.2,189.0
1997-03-21,396.7,197.2
1997-03-28,538.4,257.3
1997-04-04,292.3,174.0
1997-04-11,285.1,176.3
1997-04-18,286.0,177.6
1997-04-25,273.2,187.7
1997-05-02,289.8,189.4
1997-05-09,303.4,205.1
1997-05-16,332.5,192.0
1997-05-23,325.1,191.1
1997-05-30,295.6,187.2
1997-06-06,322.4,206.4
1997-06-13,375.7,210.1
1997-06-20,396.5,206.5
1997-06-27,422.4,208.0
1997-07-04,405.4,218.6
1997-07-11,497.3,212.9
1997-07-18,542.8,208.4
1997-07-25,595.9,205.9
1997-08-01,689.3,211.7
1997-08-08,718.8,220.5
1997-08-15,577.2,211.8
1997-08-22,552.9,219.8
1997-08-29,477.8,205.8
1997-09-05,516.3,214.7
1997-09-12,498.5,214.3
1997-09-19,699.6,227.3
1997-09-26,691.5,217.0
1997-10-03,728.2,220.0
1997-10-10,845.5,234.6
1997-10-17,703.0,207.8
1997-10-24,683.1,204.3
1997-10-31,1013.4,233.9
1997-11-07,805.0,202.1
1997-11-14,842.4,227.0
1997-11-21,779.4,224.1
1997-11-28,828.7,246.1
1997-12-05,785.1,235.7
1997-12-12,827.3,234.9
1997-12-19,850.0,217.8
1997-12-26,745.0,223.1
1998-01-02,972.7,234.1
1998-01-09,1842.5,266.0
1998-01-16,3115.8,283.6
1998-01-23,3093.3,313.4
1998-01-30,2038.6,253.8
1998-02-06,2028.7,249.4
1998-02-13,1686.4,222.5
1998-02-20,2005.6,250.8
1998-02-27,1526.1,217.3
1998-03-06,1363.1,225.4
1998-03-13,1337.9,217.2
1998-03-20,1421.4,234.1
1998-03-27,1297.1,222.2
1998-04-03,1206.3,248.8
1998-04-10,1684.2,287.3
1998-04-17,1087.0,227.3
1998-04-24,1157.0,241.4
1998-05-01,1326.5,282.5
1998-05-08,1297.0,279.2
1998-05-15,1138.7,254.8
1998-05-22,1049.0,248.1
1998-05-29,1174.3,259.8
1998-06-05,1120.7,272.1
1998-06-12,1209.6,262.1
1998-06-19,1406.2,274.6
1998-06-26,1202.0,241.3
1998-07-03,1470.6,286.4
1998-07-10,1305.5,262.5
1998-07-17,1292.2,255.0
1998-07-24,1320.2,252.4
1998-07-31,1278.8,257.2
1998-08-07,1291.9,254.7
1998-08-14,1310.5,251.4
1998-08-21,1211.9,243.1
1998-08-28,1331.5,269.4
1998-09-04,1924.0,305.1
1998-09-11,2141.9,302.5
1998-09-18,2269.9,278.3
1998-09-25,2682.7,283.6
1998-10-02,3410.5,304.0
1998-10-09,4389.1,343.1
1998-10-16,2507.0,296.9
1998-10-23,2774.3,299.6
1998-10-30,2495.7,249.3
1998-11-06,1987.0,291.9
1998-11-13,1723.0,295.8
1998-11-20,1814.8,259.3
1998-11-27,2086.3,293.8
1998-12-04,2055.1,299.6
1998-12-11,1879.1,277.2
1998-12-18,1569.0,268.5
1998-12-25,1441.3,279.8
1999-01-01,1468.5,249.0
1999-01-08,1494.2,254.8
1999-01-15,1634.4,276.4
1999-01-22,1572.2,278.3
1999-01-29,1741.7,272.9
1999-02-05,1654.0,253.5
1999-02-12,1401.4,232.9
1999-02-19,1324.2,231.7
1999-02-26,1512.8,269.8
1999-03-05,1241.3,259.8
1999-03-12,1153.3,246.4
1999-03-19,1332.6,259.4
1999-03-26,1177.2,263.2
1999-04-02,1086.2,269.0
1999-04-09,1203.9,251.2
1999-04-16,1155.7,288.2
1999-04-23,1093.4,278.9
1999-04-30,1062.9,298.7
1999-05-07,1042.1,289.0
1999-05-14,867.1,271.1
1999-05-21,832.2,292.9
1999-05-28,853.7,300.1
1999-06-04,758.5,305.5
1999-06-11,702.7,327.2
1999-06-18,616.2,297.5
1999-06-25,612.2,304.1
1999-07-02,588.4,317.9
1999-07-09,522.0,274.1
1999-07-16,508.3,276.3
1999-07-23,490.8,267.6
1999-07-30,458.1,293.4
1999-08-06,462.3,277.5
1999-08-13,449.2,271.8
1999-08-20,440.4,271.0
1999-08-27,456.4,289.5
1999-09-03,395.9,254.1
1999-09-10,394.1,278.7
1999-09-17,398.7,266.4
1999-09-24,388.4,260.2
1999-10-01,414.6,288.8
1999-10-08,412.2,262.7
1999-10-15,396.3,277.3
1999-10-22,383.2,255.4
1999-10-29,415.9,277.7
1999-11-05,443.7,268.8
1999-11-12,443.1,298.5
1999-11-19,481.8,315.7
1999-11-26,418.0,298.9
1999-12-03,386.4,287.9
1999-12-10,388.1,285.8
1999-12-17,354.1,284.3
1999-12-24,338.1,253.3
1999-12-31,302.9,238.0
2000-01-07,350.8,254.6
2000-01-14,390.5,292.0
2000-01-21,413.6,286.1
2000-01-28,384.4,292.6
2000-02-04,436.7,307.1
2000-02-11,373.1,270.8
2000-02-18,335.6,262.4
2000-02-25,346.6,278.4
2000-03-03,377.5,291.7
2000-03-10,361.8,290.0
2000-03-17,346.2,293.5
2000-03-24,386.6,312.2
2000-03-31,340.6,293.5
2000-04-07,364.2,316.6
2000-04-14,354.8,300.8
2000-04-21,341.9,302.8
2000-04-28,336.2,299.4
2000-05-05,331.3,322.4
2000-05-12,330.9,296.6
2000-05-19,326.2,309.6
2000-05-26,288.8,286.5
2000-06-02,318.1,335.0
2000-06-09,329.4,309.5
2000-06-16,329.3,305.7
2000-06-23,319.2,305.8
2000-06-30,338.5,318.1
2000-07-07,335.4,298.0
2000-07-14,371.9,331.2
2000-07-21,359.6,313.1
2000-07-28,346.0,306.6
2000-08-04,360.1,327.4
2000-08-11,403.3,313.3
2000-08-18,383.6,294.4
2000-08-25,395.0,298.6
2000-09-01,404.5,307.4
2000-09-08,452.9,324.4
2000-09-15,440.7,318.8
2000-09-22,451.3,307.9
2000-09-29,470.6,320.4
2000-10-06,475.0,302.8
2000-10-13,498.6,311.1
2000-10-20,587.2,298.7
2000-10-27,654.6,304.6
2000-11-03,651.2,310.5
2000-11-10,690.4,327.1
2000-11-17,602.7,307.0
2000-11-24,576.4,307.0
2000-12-01,663.9,333.8
2000-12-08,758.4,344.0
2000-12-15,777.2,302.2
2000-12-22,794.1,278.2
2000-12-29,761.5,218.7
2001-01-05,1572.1,292.8
2001-01-12,2800.6,332.9
2001-01-19,2123.3,332.6
2001-01-26,1992.1,298.1
2001-02-02,2612.5,311.5
2001-02-09,2647.7,277.6
2001-02-16,2346.1,274.3
2001-02-23,2140.4,291.4
2001-03-02,2543.6,321.9
2001-03-09,2264.8,289.9
2001-03-16,2053.0,299.8
2001-03-23,2802.5,291.6
2001-03-30,2726.1,294.0
2001-04-06,2427.2,304.6
2001-04-13,2182.8,295.9
2001-04-20,1954.9,290.5
2001-04-27,2203.7,309.8
2001-05-04,1970.0,316.3
2001-05-11,1948.1,321.9
2001-05-18,1546.8,291.2
2001-05-25,1622.5,302.2
2001-06-01,1553.6,344.1
2001-06-08,1776.9,342.9
2001-06-15,1593.1,324.2
2001-06-22,1497.8,307.9
2001-06-29,1521.6,308.3
2001-07-06,1200.0,300.4
2001-07-13,1387.4,310.4
2001-07-20,1581.4,324.9
2001-07-27,1643.0,312.0
2001-08-03,1730.1,318.2
2001-08-10,1716.0,300.7
2001-08-17,1769.8,293.2
2001-08-24,2048.4,295.0
2001-08-31,2365.0,317.4
2001-09-07,2295.9,310.5
2001-09-14,1992.9,282.4
2001-09-21,2713.9,283.5
2001-09-28,3459.8,308.8
2001-10-05,4285.7,271.2
2001-10-12,5252.6,286.9
2001-10-19,4580.3,264.1
2001-10-26,4203.5,265.9
2001-11-02,5223.2,318.4
2001-11-09,5534.5,285.4
2001-11-16,4998.3,296.0
2001-11-23,4283.6,324.3
2001-11-30,3040.7,350.9
2001-12-07,2731.6,342.7
2001-12-14,1968.8,320.6
2001-12-21,1564.4,373.5
2001-12-28,1284.8,293.8
2002-01-04,1703.7,375.9
2002-01-11,1937.6,348.6
2002-01-18,2768.3,371.8
2002-01-25,1762.9,328.5
2002-02-01,1884.2,340.9
2002-02-08,2134.9,314.7
2002-02-15,1927.9,290.2
2002-02-22,1921.6,315.5
2002-03-01,2351.7,335.4
2002-03-08,1783.0,314.6
2002-03-15,1406.3,310.9
2002-03-22,1450.6,330.4
2002-03-29,1272.3,349.9
2002-04-05,1213.5,332.8
2002-04-12,1246.1,337.3
2002-04-19,1320.6,351.6
2002-04-26,1533.5,368.4
2002-05-03,1749.9,382.7
2002-05-10,1556.2,356.5
2002-05-17,1425.8,344.3
2002-05-24,1497.5,348.3
2002-05-31,1596.4,414.0
2002-06-07,1693.8,359.0
2002-06-14,1764.4,359.3
2002-06-21,2504.8,396.5
2002-06-28,2632.5,377.9
2002-07-05,2616.6,408.0
2002-07-12,2729.5,377.1
2002-07-19,3512.4,351.4
2002-07-26,4748.8,360.5
2002-08-02,5097.3,374.0
2002-08-09,4845.8,353.0
2002-08-16,5523.6,371.6
2002-08-23,5355.4,344.7
2002-08-30,5129.6,359.7
2002-09-06,6104.3,401.6
2002-09-13,5625.0,357.4
2002-09-20,5977.2,359.7
2002-09-27,6671.4,359.4
2002-10-04,6926.9,352.5
2002-10-11,6793.8,341.9
2002-10-18,5588.7,361.5
2002-10-25,4240.4,338.6
2002-11-01,4875.1,369.5
2002-11-08,4825.6,333.3
2002-11-15,6174.1,345.0
2002-11-22,5672.3,350.2
2002-11-29,4151.9,386.6
2002-12-06,3793.8,358.8
2002-12-13,4507.6,379.9
2002-12-20,4101.0,359.4
2002-12-27,4548.8,332.4
2003-01-03,5871.1,376.2
2003-01-10,5786.4,358.0
2003-01-17,5433.4,355.3
2003-01-24,5858.1,365.5
2003-01-31,5621.6,371.1
2003-02-07,5470.3,328.8
2003-02-14,5438.1,334.1
2003-02-21,5989.6,309.0
2003-02-28,6614.0,345.9
2003-03-07,8920.9,345.0
2003-03-14,9387.0,347.3
2003-03-21,8135.7,383.7
2003-03-28,6484.6,364.7
2003-04-04,6162.8,400.8
2003-04-11,5546.7,376.1
2003-04-18,5103.9,359.9
2003-04-25,5092.0,356.0
2003-05-02,6077.8,416.0
2003-05-09,7250.0,415.2
2003-05-16,8351.1,395.8
2003-05-23,8840.9,395.7
2003-05-30,9977.8,460.5
2003-06-06,9046.9,418.9
2003-06-13,9162.7,419.1
2003-06-20,8204.6,411.2
2003-06-27,8599.1,438.4
2003-07-04,6768.3,414.1
2003-07-11,6657.2,447.2
2003-07-18,6181.2,442.4
2003-07-25,4145.8,426.9
2003-08-01,4047.5,456.4
2003-08-08,3238.4,409.6
2003-08-15,2756.8,389.5
2003-08-22,2169.0,375.5
2003-08-29,1981.5,396.1
2003-09-05,2883.6,408.8
2003-09-12,2438.5,432.4
2003-09-19,2429.7,402.1
2003-09-26,2505.8,398.0
2003-10-03,3005.5,441.1
2003-10-10,2340.1,359.0
2003-10-17,2204.1,386.1
2003-10-24,2311.8,363.9
2003-10-31,2319.4,404.3
2003-11-07,2084.2,375.4
2003-11-14,2043.9,425.9
2003-11-21,2612.2,459.9
2003-11-28,2100.0,441.8
2003-12-05,1775.5,399.8
2003-12-12,2072.9,437.2
2003-12-19,1908.3,411.6
2003-12-26,1644.3,390.1
2004-01-02,1755.4,401.3
2004-01-09,2195.7,445.9
2004-01-16,3327.3,501.6
2004-01-23,3296.7,451.6
2004-01-30,3250.6,444.0
2004-02-06,3099.1,402.2
2004-02-13,3298.3,413.9
2004-02-20,3361.9,423.5
2004-02-27,3532.2,422.6
2004-03-05,3567.6,428.6
2004-03-12,4983.7,452.4
2004-03-19,4988.7,448.9
2004-03-26,4857.6,443.8
2004-04-02,4126.7,477.5
2004-04-09,2861.6,432.2
2004-04-16,2550.3,434.1
2004-04-23,2403.0,463.5
2004-04-30,2516.0,482.5
2004-05-07,2184.6,494.3
2004-05-14,1816.9,454.2
2004-05-21,1694.9,449.8
2004-05-28,1583.6,459.8
2004-06-04,1363.2,432.2
2004-06-11,1479.4,449.5
2004-06-18,1454.6,454.5
2004-06-25,1386.9,435.4
2004-07-02,1769.7,500.9
2004-07-09,1662.4,468.8
2004-07-16,1651.1,440.3
2004-07-23,1648.8,444.8
2004-07-30,1600.3,452.0
2004-08-06,1640.5,440.0
2004-08-13,1982.7,467.1
2004-08-20,1824.9,443.7
2004-08-27,1804.1,443.1
2004-09-03,1948.9,476.0
2004-09-10,1972.5,455.7
2004-09-17,2052.5,456.6
2004-09-24,2211.1,469.1
2004-10-01,2270.8,459.0
2004-10-08,1949.2,436.3
2004-10-15,2155.2,461.4
2004-10-22,2233.8,440.9
2004-10-29,2303.9,496.5
2004-11-05,2148.7,483.0
2004-11-12,2375.4,480.3
2004-11-19,2179.3,463.3
2004-11-26,1912.3,460.3
2004-12-03,1890.6,490.9
2004-12-10,1852.4,488.9
2004-12-17,1958.2,471.1
2004-12-24,1803.9,483.8
2004-12-31,1701.3,417.3
2005-01-07,1720.5,393.1
2005-01-14,2048.6,448.1
2005-01-21,1932.8,439.0
2005-01-28,2253.9,440.3
2005-02-04,2430.7,444.6
2005-02-11,2530.1,423.3
2005-02-18,2532.0,417.8
2005-02-25,2281.1,440.0
2005-03-04,2176.8,451.7
2005-03-11,2267.5,462.8
2005-03-18,1894.4,446.4
2005-03-25,1857.2,470.9
2005-04-01,1798.8,446.0
2005-04-08,1899.6,474.5
2005-04-15,1870.0,466.7
2005-04-22,2052.5,482.0
2005-04-29,2061.2,482.5
2005-05-06,2263.3,526.2
2005-05-13,2036.7,469.3
2005-05-20,2167.9,482.3
2005-05-27,2142.1,462.7
2005-06-03,2362.1,479.3
2005-06-10,2967.4,529.3
2005-06-17,2575.0,479.4
2005-06-24,2529.2,477.7
2005-07-01,2788.2,520.8
2005-07-08,2554.3,489.0
2005-07-15,2618.2,488.7
2005-07-22,2320.3,485.1
2005-07-29,2250.3,494.5
2005-08-05,2176.5,498.8
2005-08-12,2285.5,499.3
2005-08-19,2313.9,488.4
2005-08-26,2187.8,470.6
2005-09-02,2357.1,499.1
2005-09-09,2198.7,513.4
2005-09-16,2353.7,500.3
2005-09-23,2106.6,483.1
2005-09-30,2107.4,473.8
2005-10-07,2004.9,469.5
2005-10-14,2095.7,503.9
2005-10-21,1916.8,466.4
2005-10-28,1862.8,437.6
2005-11-04,1798.8,465.7
2005-11-11,1702.4,477.9
2005-11-18,1584.1,472.3
2005-11-25,1484.3,476.2
2005-12-02,1596.4,495.1
2005-12-09,1441.8,477.9
2005-12-16,1418.1,453.1
2005-12-23,1259.1,432.9
2005-12-30,1363.2,418.3
2006-01-06,1497.5,457.4
2006-01-13,1645.2,443.9
2006-01-20,1773.9,473.7
2006-01-27,1747.2,435.7
2006-02-03,1751.0,425.1
2006-02-10,1636.7,391.7
2006-02-17,1571.4,408.7
2006-02-24,1573.5,400.8
2006-03-03,1614.4,399.0
2006-03-10,1583.6,403.0
2006-03-17,1574.5,393.6
2006-03-24,1558.4,404.1
2006-03-31,1640.8,438.2
2006-04-07,1532.4,417.7
2006-04-14,1526.1,407.4
2006-04-21,1489.4,389.4
2006-04-28,1565.6,433.3
2006-05-05,1427.4,416.5
2006-05-12,1546.8,426.7
2006-05-19,1480.5,396.4
2006-05-26,1409.0,395.5
2006-06-02,1356.0,395.6
2006-06-09,1499.4,414.6
2006-06-16,1466.1,414.8
2006-06-23,1356.0,389.0
2006-06-30,1423.9,414.2
2006-07-07,1400.5,425.0
2006-07-14,1377.6,398.5
2006-07-21,1385.2,389.0
2006-07-28,1417.2,376.2
2006-08-04,1518.1,388.9
2006-08-11,1587.5,385.9
2006-08-18,1608.5,382.2
2006-08-25,1609.2,375.9
2006-09-01,1594.7,389.7
2006-09-08,1597.0,410.2
2006-09-15,1748.7,397.9
2006-09-22,1677.5,375.9
2006-09-29,1970.8,404.6
2006-10-06,1857.0,383.3
2006-10-13,1758.2,384.7
2006-10-20,1790.4,382.4
2006-10-27,1709.2,375.6
2006-11-03,1897.9,402.2
2006-11-10,2022.2,412.9
2006-11-17,1935.3,401.4
2006-11-24,1749.6,406.7
2006-12-01,1989.7,426.6
2006-12-08,2304.4,463.8
2006-12-15,1968.8,436.5
2006-12-22,1604.6,390.2
2006-12-29,1640.4,406.9
2007-01-05,1923.8,472.8
2007-01-12,2045.8,439.7
2007-01-19,1848.8,402.7
2007-01-26,1940.2,408.0
2007-02-02,1943.4,404.7
2007-02-09,2031.7,400.7
2007-02-16,1921.1,381.4
2007-02-23,1943.5,401.3
2007-03-02,2234.2,405.3
2007-03-09,2312.2,414.3
2007-03-16,2208.6,410.6
2007-03-23,2197.7,411.1
2007-03-30,2098.3,402.9
2007-04-06,2015.0,413.8
2007-04-13,2008.4,396.5
2007-04-20,2081.6,411.0
2007-04-27,2015.8,427.3
2007-05-04,2115.2,438.3
2007-05-11,2115.5,432.3
2007-05-18,2154.7,438.1
2007-05-25,1874.6,427.0
2007-06-01,1757.1,433.6
2007-06-08,1854.8,464.7
2007-06-15,1776.8,450.9
2007-06-22,1731.6,428.9
2007-06-29,1687.2,437.3
2007-07-06,1636.9,453.9
2007-07-13,1717.4,446.5
2007-07-20,1692.9,424.2
2007-07-27,1724.1,416.6
2007-08-03,1881.1,447.4
2007-08-10,1929.6,464.9
2007-08-17,1806.3,441.5
2007-08-24,1729.6,424.0
2007-08-31,1770.2,425.8
2007-09-07,1876.6,448.0
2007-09-14,1962.0,452.0
2007-09-21,2026.5,418.8
2007-09-28,1950.4,411.4
2007-10-05,2003.2,420.2
2007-10-12,1980.9,429.1
2007-10-19,2059.3,415.9
2007-10-26,2249.0,412.9
2007-11-02,2176.1,412.7
2007-11-09,2315.7,432.6
2007-11-16,2199.9,424.1
2007-11-23,2093.0,403.2
2007-11-30,2761.3,464.3
2007-12-07,2879.8,472.0
2007-12-14,2093.6,422.2
2007-12-21,1915.3,394.5
2007-12-28,1620.9,360.8
2008-01-04,2494.2,414.0
2008-01-11,3575.5,461.2
2008-01-18,4178.2,439.9
2008-01-25,5103.6,362.0
2008-02-01,5054.0,405.3
2008-02-08,4901.5,403.9
2008-02-15,3533.8,357.6
2008-02-22,2458.9,358.2
2008-02-29,2569.0,363.1
2008-03-07,2448.2,368.8
2008-03-14,2335.0,365.0
2008-03-21,4255.1,403.7
2008-03-28,2636.0,356.0
2008-04-04,2724.7,384.7
2008-04-11,2866.0,381.6
2008-04-18,2286.3,357.3
2008-04-25,1905.2,340.1
2008-05-02,2273.8,381.3
2008-05-09,2422.1,378.5
2008-05-16,2210.5,352.5
2008-05-23,2013.5,352.7
2008-05-30,1496.1,333.6
2008-06-06,1622.1,376.2
2008-06-13,1378.6,360.2
2008-06-20,1212.2,333.4
2008-06-27,1269.2,342.8
2008-07-04,1379.3,365.8
2008-07-11,1474.9,359.7
2008-07-18,1392.7,335.6
2008-07-25,1074.4,309.5
2008-08-01,1121.8,315.2
2008-08-08,1074.6,315.2
2008-08-15,1034.5,314.0
2008-08-22,1038.0,315.9
2008-08-29,1059.7,349.0
2008-09-05,1222.9,371.5
2008-09-12,2300.0,380.4
2008-09-19,2043.4,342.2
2008-09-26,1333.9,304.8
2008-10-03,1345.8,314.5
2008-10-10,1514.2,313.5
2008-10-17,1158.8,279.3
2008-10-24,1489.4,303.1
2008-10-31,1075.4,260.9
2008-11-07,1248.4,284.4
2008-11-14,1281.2,248.5
2008-11-21,1254.0,261.6
2008-11-28,3802.8,361.1
2008-12-05,3901.9,299.6
2008-12-12,4156.0,286.1
2008-12-19,6758.6,316.5
2008-12-26,6733.8,320.9
2009-01-02,5904.5,344.2
2009-01-09,7414.1,295.8
2009-01-16,6491.8,303.1
2009-01-23,3373.9,294.3
2009-01-30,3906.3,261.4
2009-02-06,2722.7,235.9
2009-02-13,4472.9,257.3
2009-02-20,3618.0,250.5
2009-02-27,3063.4,236.4
2009-03-06,3470.7,253.3
2009-03-13,4497.6,257.1
2009-03-20,6363.2,267.8
2009-03-27,6600.1,268.0
2009-04-03,6813.5,297.7
2009-04-10,6071.7,264.1
2009-04-17,6540.7,253.0
2009-04-24,5108.2,251.6
2009-05-01,5169.3,264.3
2009-05-08,4588.6,265.7
2009-05-15,4794.4,254.0
2009-05-22,3890.4,256.6
2009-05-29,2953.6,267.7
2009-06-05,2605.7,270.7
2009-06-12,1998.1,261.2
2009-06-19,2116.3,280.3
2009-06-26,1482.2,267.7
2009-07-03,1707.7,285.6
2009-07-10,2009.4,258.8
2009-07-17,2089.7,262.1
2009-07-24,1862.1,262.0
2009-07-31,1996.7,264.4
2009-08-07,1853.8,267.2
2009-08-14,1982.5,277.7
2009-08-21,2233.5,280.4
2009-08-28,2164.1,277.6
2009-09-04,2651.2,304.1
2009-09-11,2454.5,272.9
2009-09-18,2881.5,288.3
2009-09-25,2857.3,270.4
2009-10-02,3377.1,306.1
2009-10-09,3374.6,290.9
2009-10-16,2808.0,268.8
2009-10-23,2352.5,254.9
2009-10-30,2693.7,250.3
2009-11-06,2998.2,220.9
2009-11-13,3115.1,203.6
2009-11-20,2818.7,223.1
2009-11-27,2866.4,232.3
2009-12-04,3185.9,241.5
2009-12-11,3214.0,241.2
2009-12-18,2889.9,213.3
2009-12-25,2008.9,204.7
2010-01-01,1976.9,212.1
2010-01-08,2407.2,213.7
2010-01-15,2663.8,223.0
2010-01-22,2260.4,215.6
2010-01-29,2854.8,237.8
2010-02-05,2893.9,221.2
2010-02-12,2860.1,212.3
2010-02-19,2605.3,196.8
2010-02-26,3054.3,214.5
2010-03-05,3007.2,226.8
2010-03-12,2955.9,221.5
2010-03-19,2744.7,227.5
2010-03-26,2707.8,243.0
2010-04-02,2250.6,243.6
2010-04-09,2047.1,218.0
2010-04-16,2371.0,240.1
2010-04-23,2161.8,257.9
2010-04-30,2117.3,291.3
2010-05-07,2430.8,263.6
2010-05-14,2783.0,192.1
2010-05-21,3257.4,185.7
2010-05-28,3336.9,178.0
2010-06-04,2859.5,167.8
2010-06-11,3461.5,180.0
2010-06-18,3208.5,177.9
2010-06-25,3613.1,172.1
2010-07-02,3944.6,168.6
2010-07-09,3831.2,163.3
2010-07-16,4161.9,168.9
2010-07-23,3918.1,172.3
2010-07-30,3969.0,174.9
2010-08-06,3993.0,175.4
2010-08-13,4676.7,169.4
2010-08-20,4944.7,170.5
2010-08-27,5085.3,173.6
2010-09-03,4926.5,184.5
2010-09-10,4396.1,183.7
2010-09-17,4357.4,177.6
2010-09-24,4288.3,181.8
2010-10-01,4180.8,198.7
2010-10-08,5060.3,181.8
2010-10-15,4491.1,169.7
2010-10-22,4626.1,176.4
2010-10-29,4328.8,178.9
2010-11-05,4587.7,188.7
2010-11-12,3831.0,179.2
2010-11-19,3793.6,205.0
2010-11-26,2974.4,207.2
2010-12-03,2932.0,210.9
2010-12-10,2910.9,200.3
2010-12-17,2196.1,195.3
2010-12-24,2036.9,201.4
2010-12-31,2115.4,199.8
2011-01-07,2219.2,192.4
2011-01-14,2390.7,188.8
2011-01-21,2025.2,172.3
2011-01-28,2261.2,188.7
2011-02-04,2086.4,186.1
2011-02-11,1848.6,175.1
2011-02-18,2177.2,184.1
2011-02-25,2034.7,172.8
2011-03-04,2383.7,194.4
2011-03-11,2406.3,186.6
2011-03-18,2471.2,191.7
2011-03-25,2222.5,188.5
2011-04-01,2084.1,201.2
2011-04-08,1923.9,191.7
2011-04-15,1975.2,210.8
2011-04-22,1964.0,182.1
2011-04-29,2081.6,182.7
2011-05-06,2269.1,194.9
2011-05-13,2568.2,188.6
2011-05-20,2591.7,191.4
2011-05-27,2442.9,191.4
2011-06-03,2475.7,182.9
2011-06-10,2883.7,191.1
2011-06-17,2675.2,185.8
2011-06-24,2604.4,180.3
2011-07-01,2363.6,188.9
2011-07-08,2217.3,183.9
2011-07-15,2728.6,183.7
2011-07-22,2578.8,176.7
2011-07-29,2780.5,185.8
2011-08-05,3625.7,184.2
2011-08-12,3915.5,167.5
2011-08-19,3850.6,157.9
2011-08-26,3381.7,159.3
2011-09-02,3169.4,159.6
2011-09-09,3361.0,170.8
2011-09-16,3813.2,172.2
2011-09-23,4239.6,176.6
2011-09-30,4019.0,175.2
2011-10-07,4072.3,177.1
2011-10-14,3396.1,161.4
2011-10-21,3546.7,171.7
2011-10-28,3539.3,174.8
2011-11-04,3967.5,183.1
2011-11-11,3483.9,178.9
2011-11-18,3344.7,193.6
2011-11-25,2834.5,192.1
2011-12-02,3268.7,208.0
2011-12-09,3573.7,190.9
2011-12-16,3516.8,181.6
2011-12-23,3535.0,181.4
2011-12-30,3448.3,163.9
2012-01-06,3560.6,177.1
2012-01-13,4500.6,195.4
2012-01-20,4265.3,184.8
2012-01-27,4113.8,181.7
2012-02-03,4500.7,181.9
2012-02-10,4538.0,166.6
2012-02-17,4322.0,161.8
2012-02-24,4225.4,175.1
2012-03-02,4141.7,178.7
2012-03-09,3971.1,186.5
2012-03-16,3603.5,184.6
2012-03-23,3438.6,190.6
2012-03-30,3576.8,204.4
2012-04-06,3467.3,203.3
2012-04-13,3936.3,180.5
2012-04-20,3715.2,185.4
2012-04-27,3687.7,190.7
2012-05-04,3734.8,197.1
2012-05-11,4219.1,192.4
2012-05-18,4456.4,186.7
2012-05-25,4388.8,185.6
2012-06-01,4476.2,182.2
2012-06-08,5334.3,205.6
2012-06-15,5385.8,188.1
2012-06-22,4938.3,185.4
2012-06-29,4524.1,186.5
2012-07-06,4369.3,192.6
2012-07-13,5314.4,192.4
2012-07-20,5411.6,186.2
2012-07-27,5452.8,182.0
2012-08-03,5349.6,179.5
2012-08-10,5077.3,175.9
2012-08-17,4609.9,177.4
2012-08-24,4346.2,179.9
2012-08-31,4224.8,178.6
2012-09-07,4729.5,193.0
2012-09-14,4765.3,185.7
2012-09-21,4921.4,187.0
2012-09-28,5888.0,194.2
2012-10-05,5757.3,199.2
2012-10-12,5452.9,200.9
2012-10-19,4752.1,184.2
2012-10-26,4465.8,185.2
2012-11-02,4244.3,176.4
2012-11-09,4801.3,195.8
2012-11-16,4645.8,201.0
2012-11-23,4575.5,206.3
2012-11-30,4856.7,206.5
2012-12-07,5242.9,208.0
2012-12-14,4519.1,198.0
2012-12-21,3937.4,189.4
2012-12-28,3528.3,169.5
2013-01-04,3956.6,185.7
2013-01-11,4563.7,209.6
2013-01-18,4916.7,214.9
2013-01-25,4415.2,211.1
2013-02-01,4567.6,215.8
2013-02-08,4315.8,195.4
2013-02-15,4244.6,192.1
2013-02-22,4105.8,182.2
2013-03-01,4712.4,209.6
2013-03-08,4466.8,204.3
2013-03-15,4108.8,196.4
2013-03-22,4436.6,209.5
2013-03-29,4189.0,212.4
2013-04-05,4453.9,209.7
2013-04-12,4685.1,217.8
2013-04-19,4698.0,218.5
2013-04-26,4829.4,215.5
2013-05-03,5229.7,220.6
2013-05-10,4805.8,211.6
2013-05-17,4245.5,205.3
2013-05-24,3723.3,210.6
2013-05-31,3163.5,207.3
2013-06-07,3322.3,217.0
2013-06-14,3208.5,210.4
2013-06-21,3041.4,214.8
2013-06-28,2568.3,208.2
2013-07-05,2454.6,201.7
2013-07-12,2351.7,202.7
2013-07-19,2336.2,198.5
2013-07-26,2247.6,191.7
2013-08-02,2244.7,193.1
2013-08-09,2145.3,182.7
2013-08-16,1979.6,184.9
2013-08-23,1871.8,189.4
2013-08-30,1916.3,188.6
2013-09-06,1528.5,183.6
2013-09-13,1801.7,188.1
2013-09-20,1889.2,200.6
2013-09-27,1947.4,189.4
2013-10-04,1995.4,188.1
2013-10-11,2060.8,179.0
2013-10-18,2034.4,180.3
2013-10-25,2211.3,184.5
2013-11-01,2125.1,183.2
2013-11-08,2076.0,182.2
2013-11-15,1941.3,192.8
2013-11-22,1942.6,192.4
2013-11-29,1602.1,184.5
2013-12-06,1635.4,186.1
2013-12-13,1565.4,174.7
2013-12-20,1444.3,168.6
2013-12-27,1315.1,172.7
2014-01-03,1375.6,171.9
2014-01-10,1530.3,191.7
2014-01-17,1682.1,184.8
2014-01-24,1645.2,187.6
2014-01-31,1693.2,180.5
2014-02-07,1690.0,171.5
2014-02-14,1644.5,160.7
2014-02-21,1457.2,155.0
2014-02-28,1597.6,169.6
2014-03-07,1547.9,168.8
2014-03-14,1552.2,169.2
2014-03-21,1432.2,174.0
2014-03-28,1391.3,175.6
2014-04-04,1322.9,180.3
2014-04-11,1414.4,182.7
2014-04-18,1361.4,178.0
2014-04-25,1267.0,170.1
2014-05-02,1297.6,185.2
2014-05-09,1386.4,185.1
2014-05-16,1438.9,180.0
2014-05-23,1418.6,178.1
2014-05-30,1377.4,171.6
2014-06-06,1528.9,187.5
2014-06-13,1334.0,178.6
2014-06-20,1322.6,176.4
2014-06-27,1323.9,175.2
2014-07-04,1328.9,181.7
2014-07-11,1327.4,167.8
2014-07-18,1382.3,168.3
2014-07-25,1326.4,168.7
2014-08-01,1377.0,166.5
2014-08-08,1322.2,164.8
2014-08-15,1358.0,164.1
2014-08-22,1396.2,168.4
2014-08-29,1415.8,165.8
2014-09-05,1265.0,161.5
2014-09-12,1395.5,169.3
2014-09-19,1297.5,168.8
2014-09-26,1293.7,168.8
2014-10-03,1358.0,172.9
2014-10-10,1502.4,171.7
2014-10-17,1852.3,163.4
2014-10-24,1715.3,155.2
2014-10-31,1621.2,159.2
2014-11-07,1590.3,160.9
2014-11-14,1604.6,179.8
2014-11-21,1549.0,171.2
2014-11-28,1341.1,175.5
2014-12-05,1518.7,177.7
2014-12-12,1518.9,165.5
2014-12-19,1535.2,167.7
2014-12-26,1162.9,152.4
2015-01-02,1349.3,159.2
2015-01-09,2211.4,192.9
2015-01-16,2746.1,191.7
2015-01-23,2605.4,191.6
2015-01-30,2669.9,187.2
2015-02-06,2395.8,175.1
2015-02-13,2012.8,162.7
2015-02-20,1861.8,170.2
2015-02-27,1870.3,169.8
2015-03-06,1815.3,173.0
2015-03-13,1720.3,170.4
2015-03-20,1932.5,178.7
2015-03-27,2008.7,188.9
2015-04-03,1942.2,201.8
2015-04-10,1908.1,195.6
2015-04-17,1920.1,205.4
2015-04-24,1850.0,205.4
2015-05-01,1697.2,207.1
2015-05-08,1596.5,206.7
2015-05-15,1600.6,199.1
2015-05-22,1537.8,201.5
2015-05-29,1360.3,195.4
2015-06-05,1455.2,214.3
2015-06-12,1354.9,205.4
2015-06-19,1379.9,207.8
2015-06-26,1307.7,199.2
2015-07-03,1342.9,212.4
2015-07-10,1392.4,196.4
2015-07-17,1384.8,198.3
2015-07-24,1406.3,198.1
2015-07-31,1488.8,204.6
2015-08-07,1534.8,197.4
2015-08-14,1646.0,195.3
2015-08-21,1629.3,198.7
2015-08-28,1902.4,206.9
2015-09-04,1713.4,205.0
2015-09-11,1557.7,196.3
2015-09-18,1833.0,214.2
2015-09-25,1695.9,202.1
2015-10-02,2106.2,257.4
2015-10-09,1631.4,169.6
2015-10-16,1774.7,197.4
2015-10-23,1707.9,191.2
2015-10-30,1692.9,190.0
2015-11-06,1656.2,190.1
2015-11-13,1694.8,212.8
2015-11-20,1612.9,211.7
2015-11-27,1516.9,228.1
2015-12-04,1570.1,228.2
2015-12-11,1592.7,221.7
2015-12-18,1764.0,230.8
2015-12-25,1272.9,220.8
2016-01-01,1114.8,196.2
2016-01-08,1380.4,231.1
2016-01-15,1638.1,227.3
2016-01-22,1822.5,237.8
2016-01-29,1827.6,221.1
2016-02-05,2117.2,221.6
2016-02-12,2456.7,213.3
2016-02-19,2267.4,217.9
2016-02-26,2104.5,216.7
2016-03-04,2055.9,225.7
2016-03-11,1940.3,226.3
2016-03-18,1845.4,224.0
2016-03-25,1784.7,228.6
2016-04-01,1906.0,223.1
2016-04-08,2122.0,241.9
2016-04-15,2177.4,240.8
2016-04-22,2067.7,235.0
2016-04-29,1953.1,234.7
2016-05-06,1963.1,235.6
2016-05-13,1998.4,224.1
2016-05-20,2005.6,234.9
2016-05-27,1928.2,223.8
2016-06-03,2070.8,249.9
2016-06-10,2055.4,237.6
2016-06-17,2189.4,231.9
2016-06-24,2136.4,224.9
2016-07-01,2579.9,234.6
2016-07-08,2869.8,234.7
2016-07-15,2843.7,229.9
2016-07-22,2415.5,222.2
2016-07-29,2315.2,216.9
2016-08-05,2538.3,222.6
2016-08-12,2432.8,214.0
2016-08-19,2355.2,213.4
2016-08-26,2441.7,216.1
2016-09-02,2457.8,218.6
2016-09-09,2500.5,237.3
2016-09-16,2309.6,221.1
2016-09-23,2273.2,222.8
2016-09-30,2380.1,222.5
2016-10-07,2189.8,216.7
2016-10-14,2172.5,223.1
2016-10-21,2122.5,207.8
2016-10-28,2088.0,207.0
2016-11-04,2031.9,210.0
2016-11-11,1810.1,197.0
2016-11-18,1754.2,234.1
2016-11-25,1469.9,233.6
2016-12-02,1459.3,234.5
2016-12-09,1407.0,226.7
2016-12-16,1449.4,232.9
2016-12-23,1113.2,231.3
2016-12-30,1132.0,228.0
2017-01-06,1182.3,241.9
2017-01-13,1263.2,229.4
2017-01-20,1265.6,243.2
2017-01-27,1248.4,229.6
2017-02-03,1276.4,233.7
2017-02-10,1239.6,223.1
2017-02-17,1227.6,216.9
2017-02-24,1290.8,231.0
2017-03-03,1357.6,235.0
2017-03-10,1413.3,240.3
2017-03-17,1366.1,235.3
2017-03-24,1327.1,238.1
2017-03-31,1271.9,239.8
2017-04-07,1272.3,246.7
2017-04-14,1274.5,238.3
2017-04-21,1365.8,236.0
2017-04-28,1302.0,246.0
2017-05-05,1345.5,250.3
2017-05-12,1269.1,243.6
2017-05-19,1402.0,241.6
2017-05-26,1323.1,238.1
2017-06-02,1368.7,261.9
2017-06-09,1494.8,254.6
2017-06-16,1526.8,252.1
2017-06-23,1396.2,241.7
2017-06-30,1391.0,249.1
2017-07-07,1210.5,242.8
2017-07-14,1367.8,245.5
2017-07-21,1414.3,240.1
2017-07-28,1361.0,235.4
2017-08-04,1433.2,237.3
2017-08-11,1455.9,233.8
2017-08-18,1459.9,230.4
2017-08-25,1430.3,224.1
2017-09-01,1502.6,227.3
2017-09-08,1636.8,252.0
2017-09-15,1497.8,224.7
2017-09-22,1445.6,231.0
2017-09-29,1419.2,233.4
2017-10-06,1359.2,233.2
2017-10-13,1399.6,242.9
2017-10-20,1357.6,228.0
2017-10-27,1297.0,226.1
2017-11-03,1290.8,227.2
2017-11-10,1371.6,228.2
2017-11-17,1306.1,240.4
2017-11-24,1205.1,244.7
2017-12-01,1313.9,250.6
2017-12-08,1281.0,247.9
2017-12-15,1240.5,234.3
2017-12-22,1135.7,237.2
2017-12-29,1130.4,231.1
2018-01-05,1259.2,242.7
2018-01-12,1314.0,249.2
2018-01-19,1325.8,264.4
2018-01-26,1288.0,255.5
2018-02-02,1299.3,255.4
2018-02-09,1274.0,240.4
2018-02-16,1183.1,225.5
2018-02-23,1168.5,239.4
2018-03-02,1185.7,238.3
2018-03-09,1159.3,246.5
2018-03-16,1107.7,249.9
2018-03-23,1188.5,257.6
2018-03-30,1130.1,252.3
2018-04-06,1110.8,247.3
2018-04-13,1149.5,262.4
2018-04-20,1145.5,262.4
2018-04-27,1104.9,258.1
2018-05-04,1098.4,257.7
2018-05-11,1057.1,252.4
2018-05-18,1018.1,247.4
2018-05-25,970.7,242.7
2018-06-01,1007.3,252.8
2018-06-08,992.2,249.0
2018-06-15,1052.3,259.6
2018-06-22,1015.9,244.3
2018-06-29,996.0,245.5
2018-07-06,958.5,261.5
2018-07-13,979.6,247.9
2018-07-20,988.6,245.5
2018-07-27,971.3,237.9
2018-08-03,927.6,233.1
2018-08-10,927.5,225.5
2018-08-17,982.7,232.1
2018-08-24,952.9,230.1
2018-08-31,940.0,231.4
2018-09-07,884.3,233.5
2018-09-14,917.1,234.2
2018-09-21,946.8,240.4
2018-09-28,945.9,240.7
2018-10-05,921.2,238.0
2018-10-12,838.1,224.0
2018-10-19,919.6,228.4
2018-10-26,884.2,224.9
2018-11-02,861.8,226.1
2018-11-09,824.7,220.8
2018-11-16,783.7,227.7
2018-11-23,787.7,247.8
2018-11-30,836.4,249.9
2018-12-07,851.6,256.1
2018-12-14,832.2,238.6
2018-12-21,816.0,236.9
2018-12-28,729.9,219.0
2019-01-04,987.9,255.2
2019-01-11,1172.4,278.5
2019-01-18,1110.5,272.5
2019-01-25,1049.9,266.2
2019-02-01,1053.4,253.1
2019-02-08,1019.2,228.9
2019-02-15,1084.4,232.7
2019-02-22,1133.8,247.0
2019-03-01,1110.9,240.5
2019-03-08,1108.3,250.8
2019-03-15,1146.8,251.5
2019-03-22,1289.5,267.5
2019-03-29,1786.0,276.6
2019-04-05,1582.6,278.1
2019-04-12,1453.0,280.7
2019-04-19,1293.0,269.3
2019-04-26,1228.3,259.4
2019-05-03,1238.5,270.2
2019-05-10,1232.6,268.5
2019-05-17,1334.9,263.0
2019-05-24,1255.4,259.4
2019-05-31,1335.6,253.1
2019-06-07,1956.5,278.4
2019-06-14,1888.8,268.6
2019-06-21,1949.5,266.3
2019-06-28,1925.6,269.3
2019-07-05,1799.7,275.6
2019-07-12,1827.3,265.1
2019-07-19,1789.8,260.8
2019-07-26,1791.2,253.0
2019-08-02,2003.0,247.9
2019-08-09,2742.9,252.6
2019-08-16,2754.7,243.8
2019-08-23,2545.6,234.1
2019-08-30,2367.2,242.6
2019-09-06,2377.5,253.5
2019-09-13,2274.1,269.7
2019-09-20,1928.0,261.4
2019-09-27,2202.6,263.8
2019-10-04,2418.1,261.3
2019-10-11,2505.8,250.6
2019-10-18,2076.9,241.7
2019-10-25,2066.0,247.2
2019-11-01,2102.7,241.0
2019-11-08,2374.6,253.4
2019-11-15,2190.6,270.4
2019-11-22,2282.2,267.1
2019-11-29,1925.7,269.4
2019-12-06,2094.1,268.3
2019-12-13,1958.7,262.6
2019-12-20,1859.0,250.1
2019-12-27,1375.0,255.6
2020-01-03,1713.7,263.2
2020-01-10,2444.7,303.9
2020-01-17,2401.5,297.8
2020-01-24,2581.2,313.7
2020-01-31,2975.7,283.8
2020-02-07,3123.6,267.4
2020-02-14,2875.1,258.4
2020-02-21,2852.9,273.1
2020-02-28,3594.4,265.8
2020-03-06,6418.9,280.7
2020-03-13,5751.0,278.1
2020-03-20,3809.3,237.4
2020-03-27,4781.1,211.7
2020-04-03,3853.1,185.9
2020-04-10,4242.7,182.6
2020-04-17,4206.7,186.4
2020-04-24,3901.4,208.0
2020-05-01,3835.7,220.0
2020-05-08,3709.3,243.3
2020-05-15,3474.1,258.9
2020-05-22,3466.2,281.2
2020-05-29,3166.7,296.0
2020-06-05,3529.0,311.7
2020-06-12,3891.5,322.5
2020-06-19,3434.6,312.7
2020-06-26,3359.2,308.7
2020-07-03,3373.9,325.2
2020-07-10,3774.3,305.4
2020-07-17,3973.3,310.9
2020-07-24,3955.9,306.1
2020-07-31,3688.1,300.7
2020-08-07,4025.0,306.6
2020-08-14,3809.7,308.9
2020-08-21,3423.0,310.2
2020-08-28,3316.2,309.6
2020-09-04,3415.1,317.7
2020-09-11,3289.4,316.2
2020-09-18,3579.8,327.0
2020-09-25,3346.9,320.9
2020-10-02,3622.3,316.0
2020-10-09,3612.3,311.1
2020-10-16,3620.5,304.6
2020-10-23,3711.6,305.2
2020-10-30,3949.8,301.2
2020-11-06,3973.1,293.5
2020-11-13,3901.6,303.9
2020-11-20,4077.7,314.6
2020-11-27,3891.1,342.9
2020-12-04,3959.2,325.7
2020-12-11,4014.5,331.6
2020-12-18,4169.0,316.3
2020-12-25,3803.2,318.8
2021-01-01,3917.6,313.8
2021-01-08,4706.3,338.9
2021-01-15,4484.2,348.2
2021-01-22,4261.5,334.2
2021-01-29,4746.2,334.6
2021-02-05,4549.2,318.8
2021-02-12,4337.0,299.5
2021-02-19,3848.1,264.9
2021-02-26,3850.4,269.7
2021-03-05,3658.8,289.0
2021-03-12,3504.9,294.3
2021-03-19,3325.3,301.9
2021-03-26,3242.1,297.3
2021-04-02,3068.8,283.6
2021-04-09,2916.7,279.5
2021-04-16,3219.9,295.5
2021-04-23,3185.3,281.4
2021-04-30,3188.7,274.5
2021-05-07,3281.0,276.7
2021-05-14,3413.3,265.3
2021-05-21,3168.8,269.8
2021-05-28,3022.0,261.4
2021-06-04,2869.2,262.1
2021-06-11,3026.6,266.3
2021-06-18,3110.3,268.0
2021-06-25,2856.6,255.2
2021-07-02,2791.3,252.4
2021-07-09,3361.5,273.3
2021-07-16,3267.6,255.8
2021-07-23,3632.6,251.9
2021-07-30,3571.3,247.5
2021-08-06,3684.3,252.0
2021-08-13,3490.2,249.9
2021-08-20,3520.7,257.5
2021-08-27,3385.8,259.0
2021-09-03,3292.1,258.4
2021-09-10,3185.6,277.9
2021-09-17,3391.1,283.9
2021-09-24,3359.5,280.4
2021-10-01,3037.6,275.7
2021-10-08,3023.0,279.8
2021-10-15,2807.9,266.2
2021-10-22,2763.8,275.6
2021-10-29,2645.0,271.1
2021-11-05,2841.0,278.4
2021-11-12,2695.0,282.5
2021-11-19,2706.2,295.7
2021-11-26,2304.5,310.7
2021-12-03,2511.5,295.2
2021-12-10,2350.5,297.2
2021-12-17,2402.7,287.5
2021-12-24,2411.3,308.7
2021-12-31,2351.3,277.3
2022-01-07,2349.8,283.4
2022-01-14,2276.3,305.7
2022-01-21,1989.4,300.1
2022-01-28,2355.4,312.2
2022-02-04,2183.5,282.3
2022-02-11,1988.8,279.0
2022-02-18,1677.7,250.7
2022-02-25,1685.7,246.3
2022-03-04,1829.7,267.6
2022-03-11,1778.3,269.5
2022-03-18,1522.7,265.4
2022-03-25,1295.1,267.1
2022-04-01,1166.3,258.1
2022-04-08,1109.0,261.8
2022-04-15,1023.2,254.0
2022-04-22,930.7,234.7
2022-04-29,932.3,244.4
2022-05-06,913.6,255.4
2022-05-13,826.9,225.0
2022-05-20,794.9,225.5
2022-05-27,751.6,224.1
2022-06-03,709.5,208.2
2022-06-10,735.5,225.0
2022-06-17,712.7,242.8
2022-06-24,726.1,243.1
2022-07-01,670.3,232.6
2022-07-08,685.3,224.3
2022-07-15,655.7,208.0
2022-07-22,631.4,206.4
2022-07-29,640.6,208.4
2022-08-05,662.9,205.4
2022-08-12,627.1,203.8
2022-08-19,609.8,202.8
2022-08-26,562.5,199.1
2022-09-02,556.4,197.8
2022-09-09,532.9,198.1
2022-09-16,588.1,200.1
2022-09-23,524.1,199.3
2022-09-30,430.9,174.1
2022-10-07,423.2,170.5
2022-10-14,394.6,164.2
2022-10-21,386.1,161.8
2022-10-28,386.7,160.5
2022-11-04,373.1,162.6
2022-11-11,367.1,169.7
2022-11-18,373.6,174.4
2022-11-25,325.5,181.0
2022-12-02,340.8,175.5
2022-12-09,350.5,182.6
2022-12-16,371.4,182.5
2022-12-23,325.3,182.1
2022-12-30,310.9,160.2
2023-01-06,326.7,159.4
2023-01-13,427.1,201.0
2023-01-20,478.9,209.9
2023-01-27,432.8,190.3
2023-02-03,496.9,188.6
2023-02-10,436.6,168.9
2023-02-17,426.6,153.5
2023-02-24,400.4,144.8
2023-03-03,437.9,154.4
2023-03-10,458.9,165.6
2023-03-17,481.3,169.3
2023-03-24,504.4,172.7
2023-03-31,477.2,166.6
2023-04-07,477.5,179.6
2023-04-14,449.8,161.6
2023-04-21,457.6,169.1
2023-04-28,461.2,165.8
2023-05-05,507.1,173.7
2023-05-12,468.2,165.4
2023-05-19,443.0,158.3
2023-05-26,412.5,154.4
2023-06-02,409.7,151.7
2023-06-09,434.1,163.2
2023-06-16,425.1,165.6
2023-06-23,439.2,170.3
2023-06-30,421.3,162.4
2023-07-07,416.0,165.3
2023-07-14,446.4,163.2
2023-07-21,444.5,159.2
2023-07-28,433.6,154.1
2023-08-04,416.1,149.9
2023-08-11,408.4,149.5
2023-08-18,397.1,142.0
2023-08-25,407.1,144.9
2023-09-01,388.1,141.9
2023-09-08,367.0,143.7
2023-09-15,415.4,147.0
2023-09-22,411.7,144.8
2023-09-29,384.6,136.6
2023-10-06,385.8,137.5
2023-10-13,347.6,129.8
2023-10-20,354.0,127.0
2023-10-27,341.7,125.2
2023-11-03,347.3,129.0
2023-11-10,354.3,133.2
2023-11-17,359.9,138.4
2023-11-24,327.8,144.9
2023-12-01,373.3,144.5
2023-12-08,445.8,149.6
2023-12-15,437.6,148.7
2023-12-22,437.2,152.2
2023-12-29,358.2,140.7
2024-01-05,425.4,148.6
2024-01-12,471.2,162.2
2024-01-19,438.4,174.3
2024-01-26,445.6,154.5
2024-02-02,500.2,153.5
2024-02-09,482.0,148.6
2024-02-16,427.0,133.6
2024-02-23,395.9,127.6
2024-03-01,428.1,141.1
2024-03-08,480.3,147.7
2024-03-15,468.4,146.0
2024-03-22,460.9,145.7
2024-03-29,453.5,145.6
2024-04-05,498.3,138.7
2024-04-12,500.7,145.6
2024-04-19,472.7,144.2
2024-04-26,456.9,141.7
2024-05-03,477.5,144.2
2024-05-10,499.9,141.7
2024-05-17,536.9,140.0
2024-05-24,463.8,138.4
2024-05-31,432.1,132.3
2024-06-07,554.7,143.7
2024-06-14,552.7,146.0
2024-06-21,552.4,147.8
2024-06-28,544.1,142.9
2024-07-05,532.3,144.3
2024-07-12,613.0,140.4
2024-07-19,614.9,134.8
2024-07-26,570.7,132.8
2024-08-02,661.4,133.9
2024-08-09,889.3,137.7
2024-08-16,754.4,130.6
2024-08-23,753.8,131.8
2024-08-30,751.4,136.1
2024-09-06,757.8,138.6
2024-09-13,941.4,146.1
2024-09-20,1132.9,148.2
2024-09-27,1099.5,149.3
2024-10-04,997.3,149.2
2024-10-11,734.6,138.4
2024-10-18,672.6,131.3
2024-10-25,630.0,137.8
2024-11-01,513.5,130.8
2024-11-08,506.0,133.3
2024-11-15,514.9,136.0
2024-11-22,501.7,152.9
2024-11-29,498.5,161.5
2024-12-06,634.0,154.9
2024-12-13,617.5,157.1
2024-12-20,516.1,146.6
2024-12-27,395.1,136.7
2025-01-03,401.1,127.7
2025-01-10,575.6,162.0
2025-01-17,558.8,163.0
2025-01-24,520.9,162.4
2025-01-31,584.3,156.7
2025-02-07,640.6,153.1
2025-02-14,593.6,144.0
2025-02-21,572.5,132.4
2025-02-28,784.2,144.5
2025-03-07,911.3,154.6
2025-03-14,794.4,154.7
2025-03-21,752.4,155.8
2025-03-28,710.4,158.2
2025-04-04,961.4,172.7
2025-04-11,841.9,164.2
2025-04-18,673.6,153.4
2025-04-25,649.0,146.6
2025-05-02,721.0,162.8
2025-05-09,718.1,166.5
2025-05-16,682.5,157.8
2025-05-23,634.1,162.1
2025-05-30,611.8,155.0
2025-06-06,707.4,170.9
2025-06-13,692.4,165.8
2025-06-20,713.4,165.2
2025-06-27,759.7,165.3
2025-07-04,829.3,180.9
2025-07-11,767.6,159.6
2025-07-18,747.5,165.1
2025-07-25,739.3,155.6
2025-08-01,777.4,158.0
2025-08-08,956.2,160.2
2025-08-15,926.1,160.3
2025-08-22,894.1,163.8
2025-08-29,902.5,158.7
2025-09-05,1012.4,169.1
2025-09-12,1596.7,174.0
2025-09-19,1609.8,174.5
2025-09-26,1278.6,172.7
2025-10-03,1180.2,170.6
2025-10-10,1168.0,166.0
2025-10-17,1214.7,157.3
2025-10-24,1327.8,164.3
2025-10-31,1290.8,163.3
2025-11-07,1247.5,172.7
2025-11-14,1156.8,168.7
2025-11-21,1090.4,181.6
2025-11-28,1041.9,186.1
2025-12-05,1190.6,181.6
2025-12-12,1148.3,176.5
2025-12-19,1084.3,169.9
2025-12-26,872.1,169.8
2026-01-02,937.0,159.3
2026-01-09,1313.1,184.6
2026-01-16,1580.8,194.1
2026-01-23,1332.2,193.3
2026-01-30,1269.7,165.4
2026-02-06,1284.6,161.5
2026-02-13,1375.9,157.1
2026-02-20,1432.9,149.7
2026-02-27,1637.5,158.9
2026-03-06,1646.3,171.3
2026-03-13,1341.0,172.9
2026-03-20,1145.0,163.6
2026-03-27,946.4,159.4
2026-04-03,919.9,161.1
2026-04-10,966.8,159.5
2026-04-17,1023.1,175.6
2026-04-24,977.9,177.7
2026-05-01,928.6,171.1
2026-05-08,921.1,177.7
2026-05-15,920.2,170.4
2026-05-22,753.7,169.7
