month,optimism,uncertainty,taxes,labor_quality,inflation,labor_costs,poor_sales,insurance,regulations,competition,interest_rates
1974-11-01,89.4,,,,,,,,,,
1974-12-01,,,,,,,,,,,
1975-01-01,,,,,,,,,,,
1975-02-01,86.5,,,,,,,,,,
1975-03-01,,,,,,,,,,,
1975-04-01,,,,,,,,,,,
1975-05-01,94.8,,,,,,,,,,
1975-06-01,,,,,,,,,,,
1975-07-01,,,,,,,,,,,
1975-08-01,99.7,,,,,,,,,,
1975-09-01,,,,,,,,,,,
1975-10-01,,,,,,,,,,,
1975-11-01,100.3,,,,,,,,,,
1975-12-01,,,,,,,,,,,
1976-01-01,,,,,,,,,,,
1976-02-01,101.8,,,,,,,,,,
1976-03-01,,,,,,,,,,,
1976-04-01,,,,,,,,,,,
1976-05-01,102.8,,,,,,,,,,
1976-06-01,,,,,,,,,,,
1976-07-01,,,,,,,,,,,
1976-08-01,102.4,,,,,,,,,,
1976-09-01,,,,,,,,,,,
1976-10-01,,,,,,,,,,,
1976-11-01,101.0,,,,,,,,,,
1976-12-01,,,,,,,,,,,
1977-01-01,,,,,,,,,,,
1977-02-01,102.5,,,,,,,,,,
1977-03-01,,,,,,,,,,,
1977-04-01,,,,,,,,,,,
1977-05-01,102.6,,,,,,,,,,
1977-06-01,,,,,,,,,,,
1977-07-01,,,,,,,,,,,
1977-08-01,102.1,,,,,,,,,,
1977-09-01,,,,,,,,,,,
1977-10-01,,,,,,,,,,,
1977-11-01,99.3,,,,,,,,,,
1977-12-01,,,,,,,,,,,
1978-01-01,,,,,,,,,,,
1978-02-01,100.4,,,,,,,,,,
1978-03-01,,,,,,,,,,,
1978-04-01,,,,,,,,,,,
1978-05-01,98.9,,,,,,,,,,
1978-06-01,,,,,,,,,,,
1978-07-01,,,,,,,,,,,
1978-08-01,97.5,,,,,,,,,,
1978-09-01,,,,,,,,,,,
1978-10-01,,,,,,,,,,,
1978-11-01,99.4,,,,,,,,,,
1978-12-01,,,,,,,,,,,
1979-01-01,,,,,,,,,,,
1979-02-01,94.8,,,,,,,,,,
1979-03-01,,,,,,,,,,,
1979-04-01,,,,,,,,,,,
1979-05-01,93.9,,,,,,,,,,
1979-06-01,,,,,,,,,,,
1979-07-01,,,,,,,,,,,
1979-08-01,90.5,,,,,,,,,,
1979-09-01,,,,,,,,,,,
1979-10-01,,,,,,,,,,,
1979-11-01,93.3,,,,,,,,,,
1979-12-01,,,,,,,,,,,
1980-01-01,,,,,,,,,,,
1980-02-01,92.0,,,,,,,,,,
1980-03-01,,,,,,,,,,,
1980-04-01,,,,,,,,,,,
1980-05-01,79.7,,,,,,,,,,
1980-06-01,,,,,,,,,,,
1980-07-01,,,,,,,,,,,
1980-08-01,94.9,,,,,,,,,,
1980-09-01,,,,,,,,,,,
1980-10-01,,,,,,,,,,,
1980-11-01,96.9,,,,,,,,,,
1980-12-01,,,,,,,,,,,
1981-01-01,,,,,,,,,,,
1981-02-01,95.7,,,,,,,,,,
1981-03-01,,,,,,,,,,,
1981-04-01,,,,,,,,,,,
1981-05-01,97.1,,,,,,,,,,
1981-06-01,,,,,,,,,,,
1981-07-01,,,,,,,,,,,
1981-08-01,99.3,,,,,,,,,,
1981-09-01,,,,,,,,,,,
1981-10-01,,,,,,,,,,,
1981-11-01,94.4,,,,,,,,,,
1981-12-01,,,,,,,,,,,
1982-01-01,,,,,,,,,,,
1982-02-01,94.8,,,,,,,,,,
1982-03-01,,,,,,,,,,,
1982-04-01,,,,,,,,,,,
1982-05-01,94.4,,,,,,,,,,
1982-06-01,,,,,,,,,,,
1982-07-01,,,,,,,,,,,
1982-08-01,95.1,,,,,,,,,,
1982-09-01,,,,,,,,,,,
1982-10-01,,,,,,,,,,,
1982-11-01,97.9,,,,,,,,,,
1982-12-01,,,,,,,,,,,
1983-01-01,,,,,,,,,,,
1983-02-01,99.9,,,,,,,,,,
1983-03-01,,,,,,,,,,,
1983-04-01,,,,,,,,,,,
1983-05-01,104.9,,,,,,,,,,
1983-06-01,,,,,,,,,,,
1983-07-01,,,,,,,,,,,
1983-08-01,108.0,,,,,,,,,,
1983-09-01,,,,,,,,,,,
1983-10-01,,,,,,,,,,,
1983-11-01,107.0,,,,,,,,,,
1983-12-01,,,,,,,,,,,
1984-01-01,,,,,,,,,,,
1984-02-01,107.1,,,,,,,,,,
1984-03-01,,,,,,,,,,,
1984-04-01,,,,,,,,,,,
1984-05-01,103.9,,,,,,,,,,
1984-06-01,,,,,,,,,,,
1984-07-01,,,,,,,,,,,
1984-08-01,100.2,,,,,,,,,,
1984-09-01,,,,,,,,,,,
1984-10-01,,,,,,,,,,,
1984-11-01,102.7,,,,,,,,,,
1984-12-01,,,,,,,,,,,
1985-01-01,,,,,,,,,,,
1985-02-01,102.9,,,,,,,,,,
1985-03-01,,,,,,,,,,,
1985-04-01,,,,,,,,,,,
1985-05-01,100.2,,,,,,,,,,
1985-06-01,,,,,,,,,,,
1985-07-01,,,,,,,,,,,
1985-08-01,101.4,,,,,,,,,,
1985-09-01,,,,,,,,,,,
1985-10-01,,,,,,,,,,,
1985-11-01,98.8,,,,,,,,,,
1985-12-01,,,,,,,,,,,
1986-01-01,100.3,57,22,7,3,6,14,0,10,12,9
1986-02-01,99.8,60,20,6,3,5,16,0,12,11,9
1986-03-01,101.5,55,21,8,3,3,15,0,9,12,9
1986-04-01,101.0,53,20,7,2,5,16,0,10,12,8
1986-05-01,102.0,50,20,7,3,5,14,0,13,12,5
1986-06-01,101.3,63,21,7,3,5,17,1,8,9,7
1986-07-01,99.8,56,19,7,2,5,15,0,12,11,7
1986-08-01,98.8,49,21,7,2,5,18,0,11,12,6
1986-09-01,98.6,60,19,8,3,6,15,0,11,11,6
1986-10-01,98.8,60,21,8,3,4,16,1,12,11,5
1986-11-01,97.5,55,21,8,3,3,17,1,10,13,5
1986-12-01,100.7,59,23,9,3,5,16,0,11,12,5
1987-01-01,100.1,59,21,8,3,5,15,1,13,12,5
1987-02-01,100.6,60,23,7,3,5,18,1,12,10,6
1987-03-01,101.2,57,20,7,4,4,16,0,14,11,7
1987-04-01,100.1,63,23,8,3,6,14,1,12,11,6
1987-05-01,99.9,60,25,7,3,5,14,0,15,11,6
1987-06-01,101.7,60,24,9,3,7,12,1,12,11,7
1987-07-01,102.5,61,25,9,2,6,13,0,15,11,7
1987-08-01,103.7,66,23,9,3,6,12,0,12,13,6
1987-09-01,102.4,59,25,9,3,6,10,1,15,10,6
1987-10-01,101.6,62,23,8,3,6,13,1,12,10,8
1987-11-01,98.6,59,23,10,3,7,13,1,12,12,8
1987-12-01,100.0,63,24,10,3,6,12,1,15,11,6
1988-01-01,100.4,58,23,7,5,4,10,0,18,11,5
1988-02-01,99.1,62,24,9,3,4,15,1,13,13,6
1988-03-01,101.6,61,25,7,3,6,12,0,16,12,6
1988-04-01,100.6,64,25,10,3,7,10,1,15,12,6
1988-05-01,101.0,66,24,9,2,7,10,1,15,10,8
1988-06-01,101.7,61,24,10,3,6,11,0,15,9,7
1988-07-01,100.1,66,25,10,4,6,11,1,17,11,5
1988-08-01,101.6,66,25,11,3,9,7,1,12,10,6
1988-09-01,100.8,65,19,12,3,7,8,1,18,11,8
1988-10-01,102.1,67,23,12,2,6,11,1,14,11,7
1988-11-01,101.8,65,24,11,4,8,10,0,13,11,9
1988-12-01,100.5,65,22,8,4,6,9,2,14,14,9
1989-01-01,101.3,69,22,10,3,6,10,1,19,12,9
1989-02-01,101.9,65,21,9,2,8,10,1,17,12,10
1989-03-01,101.4,64,23,10,2,9,7,0,15,12,8
1989-04-01,98.0,63,22,9,4,7,10,1,16,9,11
1989-05-01,97.3,61,23,11,4,4,7,0,19,10,9
1989-06-01,99.4,62,20,10,6,6,10,1,17,11,10
1989-07-01,99.6,61,21,10,4,7,10,0,17,10,10
1989-08-01,99.6,65,22,10,4,7,9,0,19,10,10
1989-09-01,101.9,63,23,11,2,7,10,0,16,13,8
1989-10-01,101.4,64,22,11,4,7,11,0,17,11,7
1989-11-01,99.7,60,21,13,4,8,8,1,16,9,8
1989-12-01,100.3,60,21,8,5,5,10,0,19,12,7
1990-01-01,99.3,60,22,10,4,7,11,0,18,10,7
1990-02-01,99.2,60,18,10,4,5,12,0,20,11,9
1990-03-01,100.4,61,24,9,4,4,9,1,18,11,7
1990-04-01,99.3,62,23,9,4,7,10,0,18,9,7
1990-05-01,99.4,64,24,11,4,6,10,0,18,9,8
1990-06-01,98.7,59,22,9,3,7,9,1,19,12,7
1990-07-01,97.9,59,23,10,4,8,11,0,18,9,7
1990-08-01,95.2,52,22,10,4,6,11,0,19,10,7
1990-09-01,92.9,54,24,10,5,6,12,1,15,10,6
1990-10-01,91.6,50,22,9,6,5,13,0,17,9,7
1990-11-01,91.8,47,22,11,5,5,14,0,14,9,7
1990-12-01,91.7,45,23,7,7,6,15,0,17,7,6
1991-01-01,91.2,52,25,7,4,5,15,0,17,9,6
1991-02-01,95.4,51,24,6,5,6,14,0,18,7,7
1991-03-01,100.1,52,23,7,4,6,14,0,17,11,6
1991-04-01,100.2,53,24,6,3,6,17,0,18,10,5
1991-05-01,99.4,51,23,7,5,6,18,0,16,8,5
1991-06-01,99.6,57,21,6,5,5,15,0,21,9,5
1991-07-01,100.6,57,24,8,4,7,15,0,17,8,5
1991-08-01,98.4,48,26,7,4,5,18,0,16,8,6
1991-09-01,99.4,53,26,7,3,6,14,0,17,9,6
1991-10-01,97.8,49,25,6,5,5,17,0,18,8,5
1991-11-01,95.3,50,24,5,4,5,19,0,16,9,5
1991-12-01,95.8,47,25,5,5,5,21,0,16,7,4
1992-01-01,96.7,51,24,5,4,5,19,0,18,8,4
1992-02-01,98.4,53,23,4,3,6,18,0,20,9,5
1992-03-01,100.1,61,24,5,4,5,18,0,21,8,4
1992-04-01,100.6,56,23,5,4,4,16,0,23,9,4
1992-05-01,100.8,56,24,5,4,5,15,0,22,7,5
1992-06-01,101.2,56,25,5,3,5,14,0,19,11,5
1992-07-01,99.0,55,25,5,3,5,17,0,21,7,4
1992-08-01,99.9,56,22,4,3,6,16,0,22,10,5
1992-09-01,98.6,56,22,5,3,5,16,0,23,8,4
1992-10-01,98.0,56,24,4,3,5,18,1,22,8,3
1992-11-01,100.4,60,25,5,3,6,16,0,20,9,4
1992-12-01,100.7,63,25,4,3,5,13,1,24,10,3
1993-01-01,100.6,65,25,6,3,5,14,0,22,10,3
1993-02-01,98.3,61,25,4,3,5,13,1,23,10,4
1993-03-01,97.4,63,25,5,3,6,15,1,22,7,4
1993-04-01,95.4,61,24,4,3,5,13,13,22,8,4
1993-05-01,93.7,61,24,4,2,5,12,16,20,8,4
1993-06-01,92.9,59,25,5,3,5,13,12,20,8,4
1993-07-01,93.8,60,26,6,2,4,14,12,22,8,3
1993-08-01,92.4,61,29,5,2,5,13,10,19,10,3
1993-09-01,94.1,54,27,6,2,5,12,11,19,10,3
1993-10-01,94.9,54,27,6,2,5,12,12,21,8,2
1993-11-01,98.5,61,27,5,2,5,10,11,24,7,4
1993-12-01,98.1,62,23,5,2,5,11,14,23,8,2
1994-01-01,99.6,64,26,6,2,6,11,11,23,7,3
1994-02-01,99.9,63,24,7,1,5,11,12,24,9,5
1994-03-01,100.1,65,25,7,2,5,9,10,25,7,4
1994-04-01,98.0,67,25,7,2,6,10,10,23,8,4
1994-05-01,98.5,70,27,5,1,5,8,10,26,8,4
1994-06-01,98.9,67,27,8,2,4,9,11,22,7,4
1994-07-01,98.7,65,26,9,2,4,9,10,23,10,4
1994-08-01,99.0,66,23,9,1,6,8,9,27,10,5
1994-09-01,99.4,67,26,11,1,7,7,9,23,8,5
1994-10-01,99.9,65,25,9,2,4,9,9,24,8,5
1994-11-01,103.7,67,25,10,1,5,8,8,21,8,6
1994-12-01,101.2,73,26,7,2,5,9,9,22,9,6
1995-01-01,101.8,70,24,8,1,5,8,9,23,11,6
1995-02-01,100.7,71,23,10,2,6,7,8,21,10,6
1995-03-01,100.5,71,24,8,2,4,8,10,20,11,7
1995-04-01,100.2,69,27,9,2,5,10,8,19,10,6
1995-05-01,99.6,68,28,8,2,3,9,7,22,11,6
1995-06-01,99.6,67,27,9,2,6,7,8,21,11,3
1995-07-01,100.3,69,25,10,2,5,10,10,19,9,5
1995-08-01,100.3,69,25,8,2,7,10,7,20,13,5
1995-09-01,101.6,66,26,12,3,5,9,8,17,12,5
1995-10-01,101.3,68,30,12,2,5,6,8,18,9,5
1995-11-01,101.8,71,29,12,2,5,7,7,18,12,4
1995-12-01,101.1,69,25,12,1,6,10,8,20,10,4
1996-01-01,99.6,69,27,11,2,5,9,6,19,11,4
1996-02-01,100.2,69,28,9,2,6,8,9,20,9,4
1996-03-01,100.8,71,27,10,2,4,9,8,21,11,4
1996-04-01,99.6,68,29,12,1,5,9,7,18,10,4
1996-05-01,99.4,69,28,12,2,5,9,6,16,10,4
1996-06-01,101.4,75,26,17,1,4,9,8,15,10,5
1996-07-01,99.8,71,26,12,1,6,9,7,17,11,4
1996-08-01,100.1,69,29,12,2,4,7,9,19,8,4
1996-09-01,100.5,80,27,13,2,5,9,7,17,9,4
1996-10-01,101.2,72,27,15,1,5,7,7,16,11,4
1996-11-01,98.9,72,25,13,1,6,7,7,18,12,3
1996-12-01,99.8,66,28,12,1,6,7,8,16,13,3
1997-01-01,100.9,72,28,13,2,7,7,7,17,9,3
1997-02-01,101.9,68,32,12,2,5,7,6,16,11,5
1997-03-01,100.5,69,29,12,1,4,9,6,18,9,4
1997-04-01,100.5,72,28,13,1,6,6,6,17,11,5
1997-05-01,100.7,73,29,12,1,5,8,6,18,12,3
1997-06-01,102.7,72,30,13,1,5,6,5,17,13,4
1997-07-01,103.8,70,28,14,1,7,7,6,16,11,4
1997-08-01,103.8,68,25,18,1,5,6,5,18,14,3
1997-09-01,102.7,71,27,17,1,5,9,4,17,10,3
1997-10-01,103.9,65,26,16,1,6,8,6,16,12,4
1997-11-01,103.3,74,25,17,1,5,8,5,16,12,4
1997-12-01,102.3,68,27,16,2,5,8,5,16,13,2
1998-01-01,102.1,71,28,16,1,7,5,6,17,12,3
1998-02-01,101.9,74,25,17,1,6,6,7,18,12,3
1998-03-01,101.7,67,27,18,1,7,9,5,16,9,4
1998-04-01,102.8,72,29,17,1,5,7,5,15,13,3
1998-05-01,101.6,71,26,14,1,6,6,4,15,17,3
1998-06-01,100.7,71,30,16,1,6,8,5,16,11,3
1998-07-01,101.5,73,26,19,1,7,7,5,16,11,3
1998-08-01,101.9,66,25,20,1,7,7,7,14,11,3
1998-09-01,99.5,73,24,21,0,6,7,6,15,10,3
1998-10-01,99.9,69,23,21,1,7,9,6,15,11,2
1998-11-01,100.7,68,22,23,2,9,8,6,13,11,3
1998-12-01,101.5,63,25,16,1,7,7,7,16,13,3
1999-01-01,100.5,71,27,18,1,6,7,6,14,13,3
1999-02-01,100.7,74,27,16,1,6,6,7,14,14,3
1999-03-01,100.9,64,24,18,1,8,10,7,13,12,3
1999-04-01,101.0,71,27,18,1,6,8,6,14,14,2
1999-05-01,99.6,70,28,18,1,7,9,6,15,10,3
1999-06-01,100.7,78,26,17,2,7,7,7,13,13,5
1999-07-01,100.9,72,26,21,1,7,7,6,15,12,2
1999-08-01,100.5,77,25,18,2,7,8,6,15,13,3
1999-09-01,102.3,65,24,15,2,7,9,8,15,11,4
1999-10-01,101.3,73,26,22,1,7,7,7,15,10,3
1999-11-01,102.9,71,24,20,3,7,9,7,12,12,3
1999-12-01,103.0,66,24,23,1,8,7,7,15,10,3
2000-01-01,103.4,72,25,21,1,8,7,6,15,11,4
2000-02-01,101.0,74,25,21,2,7,6,7,15,11,3
2000-03-01,101.7,67,23,23,1,8,8,5,14,11,4
2000-04-01,100.4,75,24,23,1,7,7,7,14,11,4
2000-05-01,100.0,74,26,24,1,6,6,7,14,10,3
2000-06-01,98.4,74,23,20,2,8,7,6,14,11,5
2000-07-01,101.4,69,25,20,2,7,6,8,13,11,5
2000-08-01,101.7,75,25,23,2,6,6,8,9,10,6
2000-09-01,101.1,74,23,23,2,7,9,9,10,11,4
2000-10-01,99.3,74,26,22,3,6,7,7,12,10,4
2000-11-01,99.4,74,23,19,3,9,7,10,12,10,4
2000-12-01,96.7,70,19,23,3,7,11,10,11,10,4
2001-01-01,96.4,68,24,19,3,7,9,8,12,11,3
2001-02-01,98.5,69,22,19,3,6,12,8,12,11,4
2001-03-01,98.4,71,25,17,4,6,15,8,10,8,3
2001-04-01,98.1,66,27,15,3,6,12,9,13,9,3
2001-05-01,99.1,64,24,17,4,6,12,11,10,10,4
2001-06-01,97.6,64,23,15,4,6,9,11,13,11,4
2001-07-01,98.8,67,21,16,2,6,14,12,11,10,3
2001-08-01,101.3,69,20,17,3,7,13,15,12,9,2
2001-09-01,96.2,62,23,19,3,5,14,11,9,13,3
2001-10-01,96.2,64,21,15,2,6,16,14,11,10,2
2001-11-01,99.1,59,20,18,2,6,17,13,11,9,2
2001-12-01,100.3,64,20,13,1,4,18,12,12,14,2
2002-01-01,100.6,67,24,11,2,6,17,15,11,10,2
2002-02-01,100.4,69,22,12,3,5,14,13,11,14,2
2002-03-01,104.2,66,19,11,2,5,17,19,10,11,3
2002-04-01,101.8,66,20,12,2,5,14,16,13,11,3
2002-05-01,101.9,71,23,12,1,6,15,18,11,9,2
2002-06-01,102.6,70,21,12,2,7,14,20,11,8,2
2002-07-01,99.8,66,20,12,2,6,15,18,10,10,4
2002-08-01,101.3,70,22,10,2,5,16,19,9,9,2
2002-09-01,101.0,69,21,10,2,3,19,21,9,11,2
2002-10-01,100.3,62,21,10,2,5,16,19,11,12,2
2002-11-01,101.6,59,20,11,2,4,16,19,12,10,2
2002-12-01,98.5,64,20,8,1,5,17,23,10,8,3
2003-01-01,99.0,68,19,8,2,5,18,23,10,11,3
2003-02-01,96.2,62,19,9,4,5,19,20,11,9,2
2003-03-01,95.3,73,17,8,4,4,16,21,11,12,2
2003-04-01,99.6,70,18,8,2,4,19,24,11,9,2
2003-05-01,99.7,66,20,8,2,4,19,23,9,10,2
2003-06-01,102.2,69,17,10,2,5,18,28,9,7,2
2003-07-01,100.9,73,18,8,2,5,18,25,11,9,2
2003-08-01,104.5,66,18,10,1,6,18,24,10,8,2
2003-09-01,101.9,70,19,12,2,5,15,24,10,10,1
2003-10-01,104.0,67,18,7,2,6,15,25,11,12,2
2003-11-01,105.0,65,18,8,1,5,16,28,11,9,1
2003-12-01,106.9,69,18,9,1,6,13,28,11,10,2
2004-01-01,105.7,72,17,9,2,6,13,24,12,12,2
2004-02-01,102.8,73,16,9,2,5,13,29,11,11,1
2004-03-01,103.1,76,15,8,3,6,17,26,11,8,2
2004-04-01,105.0,70,18,9,4,5,13,26,11,10,1
2004-05-01,104.1,75,19,10,6,6,12,24,10,9,2
2004-06-01,103.5,78,17,9,5,3,12,25,12,12,2
2004-07-01,106.2,73,19,10,3,4,12,26,10,10,2
2004-08-01,102.7,76,19,10,3,6,11,28,10,9,3
2004-09-01,104.4,82,17,9,4,5,11,28,10,10,2
2004-10-01,103.9,79,17,9,5,5,12,27,8,9,3
2004-11-01,107.4,68,17,11,5,5,9,25,10,10,2
2004-12-01,106.1,75,14,10,5,6,10,29,10,11,1
2005-01-01,103.5,74,17,10,3,5,11,27,9,10,2
2005-02-01,103.8,73,15,10,3,5,9,27,10,11,1
2005-03-01,103.0,68,18,11,5,5,9,27,9,8,3
2005-04-01,99.5,80,18,10,7,5,10,24,9,10,2
2005-05-01,100.4,69,19,10,5,4,9,27,8,9,2
2005-06-01,101.3,66,22,9,4,5,9,22,13,8,2
2005-07-01,101.4,74,21,9,4,5,10,24,10,8,3
2005-08-01,100.7,73,15,12,6,6,10,25,10,10,1
2005-09-01,100.0,69,19,10,8,6,11,20,9,8,2
2005-10-01,103.7,74,21,9,4,5,10,24,10,8,3
2005-11-01,100.9,66,15,12,7,4,10,23,8,9,3
2005-12-01,101.3,68,20,9,5,6,10,21,11,10,3
2006-01-01,100.9,73,19,13,5,5,9,20,10,9,4
2006-02-01,101.6,77,20,7,6,5,8,22,13,10,4
2006-03-01,98.5,78,16,11,3,7,8,23,11,10,3
2006-04-01,99.7,75,18,13,7,5,9,23,10,8,3
2006-05-01,98.1,77,18,12,7,6,9,23,8,8,4
2006-06-01,97.2,70,17,12,6,6,12,18,10,7,5
2006-07-01,98.4,69,17,11,5,5,10,20,10,9,6
2006-08-01,95.7,72,15,12,8,6,11,19,11,6,4
2006-09-01,99.4,68,15,14,5,5,11,21,10,8,3
2006-10-01,100.7,70,18,15,4,4,10,18,12,9,4
2006-11-01,99.5,68,16,12,3,6,14,20,12,9,3
2006-12-01,96.5,77,20,10,3,9,12,21,11,8,3
2007-01-01,98.7,71,24,14,3,5,10,19,10,8,5
2007-02-01,98.3,70,25,12,3,5,10,18,10,10,4
2007-03-01,97.8,70,22,12,4,5,11,20,12,8,3
2007-04-01,96.4,70,25,12,4,6,11,18,10,8,3
2007-05-01,96.8,69,27,12,5,6,11,16,11,9,3
2007-06-01,96.4,70,23,13,4,5,13,18,10,8,3
2007-07-01,97.9,70,19,13,5,6,11,17,10,9,3
2007-08-01,96.2,70,17,14,6,6,14,18,11,9,3
2007-09-01,97.2,72,19,17,4,6,11,15,9,9,3
2007-10-01,96.1,65,18,14,5,6,13,16,12,8,3
2007-11-01,94.2,62,19,13,7,6,15,15,10,7,3
2007-12-01,94.5,60,21,14,7,4,9,16,10,8,4
2008-01-01,91.6,62,19,11,8,5,15,14,10,8,4
2008-02-01,93.0,64,20,12,8,5,13,14,8,9,3
2008-03-01,90.1,67,21,8,12,4,16,13,9,8,2
2008-04-01,91.2,63,17,9,14,5,17,13,9,7,3
2008-05-01,88.9,61,18,8,17,4,17,12,9,6,3
2008-06-01,89.7,59,17,10,20,5,15,9,9,6,2
2008-07-01,88.5,57,17,10,20,5,16,11,8,6,3
2008-08-01,91.0,61,17,9,18,4,18,13,8,6,2
2008-09-01,92.8,61,17,9,16,4,20,10,8,6,3
2008-10-01,87.4,59,18,8,11,4,23,11,9,6,5
2008-11-01,87.5,66,21,8,9,4,25,9,8,7,3
2008-12-01,85.1,55,20,7,7,4,27,10,8,6,3
2009-01-01,83.9,53,19,6,6,5,28,9,11,6,4
2009-02-01,82.7,53,19,4,6,4,33,8,10,6,3
2009-03-01,81.6,53,22,3,6,4,31,7,12,5,4
2009-04-01,86.5,57,22,4,4,3,32,8,11,6,4
2009-05-01,88.4,56,19,4,3,4,30,8,13,6,5
2009-06-01,88.3,57,19,6,5,6,32,7,10,6,6
2009-07-01,86.8,48,22,4,3,4,32,9,12,5,4
2009-08-01,88.4,55,18,4,5,5,32,9,11,8,4
2009-09-01,88.7,49,24,3,4,4,32,8,11,6,4
2009-10-01,89.1,54,22,4,2,4,33,8,11,6,4
2009-11-01,88.0,53,20,3,3,4,33,8,13,6,5
2009-12-01,88.0,55,20,4,2,3,34,7,13,6,4
2010-01-01,89.1,54,22,3,3,4,31,8,13,7,5
2010-02-01,88.2,52,23,4,3,3,34,7,12,6,3
2010-03-01,87.3,57,19,2,5,3,34,9,11,5,5
2010-04-01,90.2,57,22,4,4,4,29,7,15,6,4
2010-05-01,91.8,59,22,4,4,4,30,9,13,6,3
2010-06-01,89.5,54,20,4,4,3,30,6,15,6,6
2010-07-01,88.4,53,21,4,3,4,29,8,15,7,4
2010-08-01,88.6,55,21,5,3,4,31,8,15,5,4
2010-09-01,89.0,50,23,4,4,3,30,6,16,6,3
2010-10-01,91.6,57,20,3,4,3,30,8,17,7,3
2010-11-01,93.0,57,22,4,4,8,30,8,15,7,4
2010-12-01,92.5,60,20,4,2,3,34,7,13,6,4
2011-01-01,93.9,62,19,5,5,4,27,8,17,7,3
2011-02-01,94.7,60,17,7,5,3,28,8,19,5,4
2011-03-01,92.4,61,17,6,8,4,25,7,17,6,4
2011-04-01,90.9,64,19,4,8,4,25,8,17,7,3
2011-05-01,90.4,59,20,5,10,4,25,7,15,7,3
2011-06-01,91.2,55,20,5,7,3,24,7,15,8,3
2011-07-01,90.2,58,20,5,9,4,23,7,16,7,4
2011-08-01,87.9,54,18,4,6,3,25,8,19,5,4
2011-09-01,88.9,54,16,6,8,3,28,7,18,7,3
2011-10-01,90.2,52,18,6,6,4,26,7,19,6,4
2011-11-01,91.8,53,19,5,6,4,25,8,19,7,3
2011-12-01,93.7,63,21,5,5,3,23,7,20,8,4
2012-01-01,93.7,64,18,6,6,4,22,9,20,8,4
2012-02-01,94.5,66,21,5,9,3,22,7,21,5,4
2012-03-01,93.1,70,20,6,9,4,22,6,19,7,3
2012-04-01,94.2,73,18,6,9,4,19,8,20,7,3
2012-05-01,94.0,68,22,6,7,3,20,7,19,5,3
2012-06-01,91.9,74,21,6,6,2,23,8,19,6,3
2012-07-01,91.5,65,21,7,6,4,20,6,21,7,3
2012-08-01,92.7,71,23,6,6,3,20,7,21,7,3
2012-09-01,92.7,77,21,6,5,4,21,7,21,7,2
2012-10-01,93.0,77,20,5,6,3,22,8,19,7,3
2012-11-01,87.2,58,23,6,6,4,23,7,18,5,3
2012-12-01,88.0,64,23,5,4,3,19,8,21,8,1
2013-01-01,88.8,64,21,5,5,3,19,8,21,6,3
2013-02-01,90.9,63,21,5,6,4,18,8,21,8,2
2013-03-01,90.0,60,23,5,7,6,17,8,21,6,3
2013-04-01,91.7,68,23,7,5,4,16,8,21,8,2
2013-05-01,94.0,64,24,6,4,4,16,9,23,8,2
2013-06-01,94.0,71,20,6,5,4,18,9,20,8,2
2013-07-01,94.4,66,21,7,5,5,16,8,21,6,3
2013-08-01,94.0,59,23,5,7,6,17,8,21,6,3
2013-09-01,93.8,58,18,10,5,4,17,8,24,5,2
2013-10-01,91.5,60,20,8,3,5,17,8,21,8,2
2013-11-01,92.2,61,21,8,4,5,15,11,22,8,2
2013-12-01,93.8,58,21,8,4,5,15,11,22,8,2
2014-01-01,94.0,65,24,8,3,4,14,8,22,8,2
2014-02-01,91.6,66,19,11,2,5,16,9,21,7,2
2014-03-01,94.0,62,21,9,3,5,14,10,21,8,2
2014-04-01,94.8,72,23,7,5,4,16,8,21,8,2
2014-05-01,96.2,71,25,10,4,4,12,9,20,8,3
2014-06-01,95.4,67,22,11,4,4,13,9,20,8,3
2014-07-01,96.0,66,22,10,4,5,13,8,22,9,2
2014-08-01,95.9,75,24,11,4,4,13,8,19,7,2
2014-09-01,95.3,70,21,9,3,4,14,9,22,8,2
2014-10-01,96.0,64,21,11,4,5,12,8,22,8,2
2014-11-01,97.8,73,23,10,3,5,12,7,22,8,3
2014-12-01,100.3,69,27,11,3,4,11,8,22,8,1
2015-01-01,97.7,72,21,11,3,5,13,10,22,7,2
2015-02-01,98.1,73,20,14,2,6,12,9,21,8,3
2015-03-01,95.7,76,23,12,2,4,11,7,22,8,3
2015-04-01,96.5,73,22,12,3,6,11,8,23,7,2
2015-05-01,97.9,68,23,13,3,6,11,7,23,7,2
2015-06-01,94.6,71,23,12,4,5,10,8,20,8,1
2015-07-01,95.7,73,22,13,3,6,10,8,21,8,2
2015-08-01,95.7,75,20,14,3,5,14,8,21,7,1
2015-09-01,96.0,75,21,16,2,5,11,7,22,7,1
2015-10-01,96.0,70,21,13,2,6,12,8,22,7,2
2015-11-01,94.5,65,21,13,2,6,12,8,22,7,2
2015-12-01,95.2,74,22,15,2,5,11,9,20,7,2
2016-01-01,93.9,66,21,15,2,5,12,8,18,9,2
2016-02-01,92.9,70,21,12,3,7,11,10,19,8,1
2016-03-01,92.6,83,22,12,2,5,13,8,21,8,2
2016-04-01,93.6,72,21,12,2,6,11,10,20,8,2
2016-05-01,93.8,77,23,13,4,5,14,8,18,8,1
2016-06-01,94.5,77,23,15,2,6,11,7,19,9,2
2016-07-01,94.6,81,21,19,2,8,8,9,16,8,2
2016-08-01,94.4,87,21,15,2,9,11,8,20,7,2
2016-09-01,94.1,86,21,8,2,9,11,5,20,15,2
2016-10-01,94.9,88,21,15,1,5,11,10,21,8,2
2016-11-01,98.4,100,19,16,3,6,12,10,18,7,2
2016-12-01,105.8,85,21,12,2,5,12,8,19,9,2
2017-01-01,105.9,85,21,15,2,7,10,8,19,8,2
2017-02-01,105.3,86,22,17,1,5,12,10,15,9,2
2017-03-01,104.7,93,20,16,1,6,12,8,17,9,2
2017-04-01,104.5,83,21,16,2,6,10,9,17,9,2
2017-05-01,104.5,82,22,19,2,8,9,11,13,7,1
2017-06-01,103.6,83,22,15,1,7,10,9,19,8,1
2017-07-01,105.2,83,21,19,2,8,8,9,16,8,2
2017-08-01,105.3,81,20,19,1,7,9,11,16,8,2
2017-09-01,103.0,85,21,19,2,5,11,7,16,9,1
2017-10-01,103.8,80,21,20,2,6,10,11,14,7,2
2017-11-01,107.5,79,22,18,3,7,11,10,16,8,2
2017-12-01,104.9,80,21,19,2,6,8,10,16,9,1
2018-01-01,106.9,78,19,22,1,6,9,10,16,9,2
2018-02-01,107.6,81,15,22,2,6,11,15,15,10,2
2018-03-01,104.7,80,13,21,1,8,11,9,14,11,2
2018-04-01,104.8,80,18,22,1,7,8,10,13,10,2
2018-05-01,107.8,72,17,23,3,6,8,10,13,10,1
2018-06-01,107.2,78,16,21,2,7,8,11,14,9,2
2018-07-01,107.9,75,17,23,2,7,7,10,14,9,2
2018-08-01,108.8,74,15,25,2,8,7,9,13,8,2
2018-09-01,107.9,79,17,22,3,8,5,10,14,10,3
2018-10-01,107.4,83,16,23,2,9,7,9,14,9,2
2018-11-01,104.8,81,19,25,1,7,8,10,13,8,2
2018-12-01,104.4,79,13,23,1,7,9,13,14,10,3
2019-01-01,101.2,86,15,23,2,8,9,9,12,9,2
2019-02-01,101.7,85,15,22,2,10,9,8,14,10,2
2019-03-01,101.8,79,15,21,2,8,10,9,15,9,1
2019-04-01,103.5,78,16,24,1,8,9,9,15,9,2
2019-05-01,105.0,79,16,25,2,8,8,10,12,10,2
2019-06-01,103.3,87,18,21,2,10,7,10,13,9,2
2019-07-01,104.7,76,15,26,2,9,7,9,13,9,2
2019-08-01,103.1,80,14,27,1,9,9,10,14,8,2
2019-09-01,101.8,82,16,23,1,11,9,9,11,10,1
2019-10-01,102.4,78,15,25,2,10,8,9,13,10,1
2019-11-01,104.7,72,14,26,1,10,8,9,13,9,2
2019-12-01,102.7,80,17,23,1,7,6,10,15,11,2
2020-01-01,104.3,81,17,26,1,8,7,11,13,9,1
2020-02-01,104.5,80,14,25,1,8,7,12,13,10,2
2020-03-01,96.4,92,15,24,2,7,9,10,13,10,2
2020-04-01,90.9,75,15,15,1,8,19,8,10,8,2
2020-05-01,94.4,82,15,17,2,6,18,8,14,10,2
2020-06-01,100.6,81,19,19,1,8,17,8,14,8,1
2020-07-01,98.8,88,18,21,2,8,13,7,14,8,1
2020-08-01,100.2,90,17,21,1,9,15,8,11,9,2
2020-09-01,104.0,92,16,21,2,9,12,9,13,9,2
2020-10-01,104.0,98,17,22,2,8,13,8,14,9,1
2020-11-01,101.4,90,17,21,1,8,15,9,11,9,2
2020-12-01,95.9,82,21,21,2,6,13,8,14,8,1
2021-01-01,95.0,80,19,21,3,7,11,7,15,8,1
2021-02-01,95.8,75,18,24,2,9,11,6,15,8,1
2021-03-01,98.2,81,17,24,4,7,10,5,14,8,1
2021-04-01,99.8,80,19,24,6,8,8,6,13,7,1
2021-05-01,99.6,79,22,26,8,8,5,4,13,8,1
2021-06-01,102.5,83,18,26,13,8,7,5,11,6,1
2021-07-01,99.7,76,19,26,11,9,6,4,12,6,1
2021-08-01,100.1,69,16,28,13,8,6,10,12,5,1
2021-09-01,99.1,74,17,28,10,12,4,4,11,3,0
2021-10-01,98.2,67,17,24,16,10,5,5,11,0,1
2021-11-01,98.4,63,18,29,18,9,5,5,10,0,0
2021-12-01,98.9,72,14,25,22,13,5,3,10,0,0
2022-01-01,97.1,71,14,23,22,11,4,4,11,0,1
2022-02-01,95.7,73,15,22,26,11,4,5,8,0,0
2022-03-01,93.2,63,16,22,31,8,3,3,9,0,1
2022-04-01,93.2,69,14,23,32,8,4,4,8,0,1
2022-05-01,93.1,59,12,23,28,12,4,2,7,0,1
2022-06-01,89.5,55,11,23,34,8,4,3,8,3,1
2022-07-01,89.9,67,11,21,37,9,4,2,5,3,1
2022-08-01,91.8,74,15,26,29,10,3,4,4,3,1
2022-09-01,92.1,72,13,22,30,10,3,5,5,3,1
2022-10-01,91.3,72,12,23,33,10,3,2,5,3,1
2022-11-01,91.9,68,11,21,32,9,4,4,5,5,3
2022-12-01,89.8,71,11,23,32,8,4,5,6,5,3
2023-01-01,90.3,76,15,24,26,10,4,3,5,3,3
2023-02-01,90.9,71,13,21,28,12,4,5,5,4,2
2023-03-01,90.1,74,15,23,24,11,5,4,7,4,3
2023-04-01,89.0,72,14,24,23,9,5,4,6,4,4
2023-05-01,89.4,71,14,24,25,10,3,3,9,3,4
2023-06-01,91.0,76,15,24,24,8,5,5,8,3,2
2023-07-01,91.9,80,16,23,21,10,5,4,10,4,4
2023-08-01,91.3,77,17,24,23,8,5,5,8,4,2
2023-09-01,90.8,79,13,23,23,9,5,4,7,4,4
2023-10-01,90.7,76,13,23,22,9,5,5,9,4,5
2023-11-01,90.6,65,14,24,22,8,5,4,10,4,5
2023-12-01,91.9,71,17,20,23,9,5,5,7,5,5
2024-01-01,89.9,73,16,21,20,10,6,5,8,4,5
2024-02-01,89.4,76,13,16,23,11,7,6,10,4,4
2024-03-01,88.5,77,14,18,25,10,8,6,6,4,4
2024-04-01,89.7,78,15,19,22,11,7,5,8,4,4
2024-05-01,90.5,85,13,20,22,10,5,6,9,4,6
2024-06-01,91.5,82,14,19,21,11,6,3,10,5,3
2024-07-01,93.7,90,15,19,25,9,8,4,8,4,3
2024-08-01,91.2,92,13,21,24,9,8,6,8,5,4
2024-09-01,91.5,103,14,17,23,9,7,8,9,5,4
2024-10-01,93.7,110,16,20,23,8,9,7,8,5,3
2024-11-01,101.7,98,14,19,20,11,5,8,8,6,5
2024-12-01,105.1,86,15,19,20,11,7,7,8,4,4
2025-01-01,102.8,100,17,18,18,9,9,7,10,5,3
2025-02-01,100.7,104,16,19,16,12,9,7,6,7,3
2025-03-01,97.3,96,18,19,16,11,9,8,8,6,3
2025-04-01,95.8,92,16,19,14,8,9,10,9,7,3
2025-05-01,98.8,94,18,16,14,9,9,9,9,4,5
2025-06-01,98.5,89,19,16,11,10,10,8,9,7,3
2025-07-01,100.3,97,17,21,11,9,11,8,8,6,4
2025-08-01,100.8,93,17,21,11,8,10,9,9,5,4
2025-09-01,98.8,100,18,18,14,11,10,8,6,5,4
2025-10-01,98.2,88,16,27,12,8,10,8,7,5,2
2025-11-01,99.0,91,14,21,15,8,9,10,10,3,3
2025-12-01,99.5,84,20,19,12,9,10,9,7,6,3
2026-01-01,99.3,91,18,16,12,9,9,13,9,6,3
2026-02-01,98.8,88,19,15,12,9,11,9,9,8,4
2026-03-01,95.8,92,19,15,14,10,10,9,7,7,3
2026-04,95.9,88,17,18,16,9,10,8,8,7,3
